,자치구,행정동,면적,개소,주차면수,거주인구,대중교통이용,사업체수,종사자수,총생활인구수,단독주택,아파트,연립주택,다세대주택,비거주용건물내주택,상주인구,유출인구,유입인구,도소매,숙박 및 음식점,서비스업
0,종로구,사직동,1.23,362,12605,9355,72471.10730593608,5035,56013,27082.61477485119,650,1591,78,411,48,310681.4,2029606.15,2036294.34,754,941,818
1,종로구,삼청동,1.49,343,2237,2642,4189.739726027397,956,4978,6371.000204464285,644,3415,19,37,30,25661.14,404650.32,405217.49,317,217,95
2,종로구,부암동,2.27,596,3533,9536,8870.191780821919,894,3762,13593.759610863097,1033,121,903,976,37,34344.83,556159.17,554475.76,214,127,150
3,종로구,평창동,8.87,1617,9390,17858,8084.2168949771685,1321,4321,18222.597482738096,1553,1009,2186,1139,71,74612.46,581715.46,580691.43,360,142,221
4,종로구,무악동,0.36,69,3185,8052,1933.7534246575342,761,1891,6832.6181404891295,48,2703,55,46,8,5261.84,260313.49,259987.17,101,40,71
5,종로구,교남동,0.35,209,5240,9994,9270.331050228311,592,8371,7903.441055803571,237,2526,88,1060,6,37734.32,573381.81,571309.97,132,99,92
6,종로구,가회동,0.54,461,3238,4065,1928.2511415525114,969,14180,7471.010968005952,731,3415,137,719,14,38061.78,620300.7,620339.04,217,260,130
7,종로구,종로1.2.3.4가동,2.35,935,18551,8700,154737.6780821918,17286,107067,73275.59672782737,514,959,28,48,103,1423977.7,6369659.08,6392905.24,7366,2405,1446
8,종로구,종로5.6가동,0.6,705,4754,5817,59570.82648401827,7972,22872,19405.240792261902,730,220,76,137,156,159585.54,1588026.96,1589025.73,4992,641,255
9,종로구,이화동,0.78,442,8766,7631,44708.239726027394,1673,17365,25072.117404613095,682,189,266,1420,67,316605.23,2110726.08,2110742.86,354,344,301
10,종로구,혜화동,1.12,822,5954,19392,15164.712328767124,2235,8819,37770.64607559524,1430,890,458,2172,115,351119.77,1347824.52,1343749.92,451,629,386
11,종로구,창신1동,0.31,228,2175,5383,9442.965753424658,2686,6266,9545.174422172619,493,868,18,164,46,30160.87,647349.09,648065.77,1567,258,137
12,종로구,창신2동,0.26,209,917,8796,126.44063926940639,1062,2192,11015.841874553571,879,330,89,1119,49,10286.07,283967.67,282902.7,197,136,61
13,종로구,창신3동,0.23,37,1637,6606,4283.997716894977,439,1128,5041.596211375611,306,1735,33,68,8,2154.79,156691.91,156213.52,120,34,45
14,종로구,숭인1동,0.23,88,1512,6057,6015.004566210046,736,1897,8155.469568154763,644,654,15,245,30,11215.76,326970.35,326546.46,190,51,72
15,종로구,숭인2동,0.35,441,3776,10509,21193.76484018265,2267,6053,13743.64537514881,406,1633,224,1029,66,57347.2,896777.34,894564.94,977,248,144
16,종로구,청운효자동,2.57,668,4592,11818,6991.6392694063925,1477,7888,17906.369998214286,1279,260,787,1750,58,88601.65,832094.74,831021.54,374,294,179
17,중구,소공동,0.95,149,14062,3578,68195.52054794521,5107,64308,36288.24316964286,16,651,200,1571,18,422393.03,3006544.8,3009094.73,1360,747,455
18,중구,회현동,0.84,190,11806,5222,115057.07762557078,9246,46229,31154.97313839286,246,1342,43,75,38,441605.93,3288332.48,3287607.53,6932,597,245
19,중구,명동,0.99,291,15101,3638,76945.18721461187,8849,110506,54835.34571041667,201,250,200,54,42,847858.31,4352180.18,4363648.46,1778,1257,1120
20,중구,필동,1.14,375,4903,4816,26500.445205479453,3600,24470,13772.753504017857,375,399,89,258,70,167135.87,1158453.97,1159687.66,517,472,236
21,중구,장충동,1.36,320,5458,5326,11892.502283105023,1041,9357,14565.890177529762,391,197,262,1532,51,74579.73,895624.14,896216.91,321,160,80
22,중구,광희동,0.74,281,8776,6682,39874.63926940639,9352,34741,32383.018631696432,450,1206,200,116,55,265143.98,2100847.37,2103356.61,4236,666,291
23,중구,을지로동,0.6,135,4828,1912,49103.68949771689,9784,31528,22322.385151934526,101,257,200,7,57,146759.91,1577068.63,1582232.61,3660,676,267
24,중구,신당5동,0.39,267,2794,10513,5487.96803652968,1552,4149,9187.63155625,607,2279,106,321,63,33999.61,499120.72,498127.86,445,261,132
25,중구,황학동,0.33,353,6894,13459,3427.404109589041,2487,5992,14837.752474255953,612,2823,12,398,114,54145.48,780006.7,779244.6799999999,1400,286,121
26,중구,중림동,0.48,124,5383,12338,4303.374429223744,1340,9166,9450.43598139881,259,3455,54,529,27,39689.79,647957.07,645600.17,354,229,164
27,중구,신당동,0.55,408,7819,9087,23887.568493150684,12136,23988,26904.596071726195,968,973,51,426,108,178067.78,1495191.54,1485606.47,10011,351,248
28,중구,다산동,0.51,675,4827,13954,3365.8995433789955,2023,8723,16197.23271577381,865,472,711,2374,85,63979.78,719663.15,718737.11,678,215,225
29,중구,약수동,0.48,216,6341,16610,20069.618721461185,1210,4519,15008.933619940477,168,5344,389,658,25,70111.92,637362.44,636818.16,359,130,169
30,중구,청구동,0.34,237,5147,13451,2292.324200913242,1244,4497,11310.942228571428,484,3844,115,432,53,20815.84,391585.46,391546.15,432,96,134
31,중구,동화동,0.26,248,5014,10199,7859.301369863014,1337,4391,11699.415949255954,224,2610,111,172,63,33517.32,450593.31,450134.26,464,110,106
32,용산구,후암동,0.86,739,4578,16812,5236.502283105023,1367,4605,14386.042982738094,1470,618,575,2646,54,47489.28,497700.27,496782.84,393,211,140
33,용산구,용산2가동,1.96,396,1177,10333,15004.801369863013,844,2129,12964.646690476187,1105,374,128,1601,35,28964.43,462401.65,462588.62,206,220,70
34,용산구,남영동,1.19,267,5552,7552,34835.32191780822,2245,18439,19260.70611815476,661,440,89,473,51,97263.61,1222835.51,1223673.15,566,532,292
35,용산구,원효로2동,0.71,275,6196,13795,5062.46803652968,1564,7229,16300.156236011904,534,3216,118,735,28,50406.11,670610.35,669300.51,608,97,125
36,용산구,효창동,0.44,340,3837,10888,11538.445205479453,702,2596,9762.293004017856,271,1584,247,1333,28,19567.13,354534.69,353071.02999999997,205,54,131
37,용산구,용문동,0.28,384,4697,11664,2770.0981735159817,963,2159,8506.558518750002,443,2282,78,1404,24,32288.89,402996.77,401572.48,323,140,99
38,용산구,이촌1동,2.86,74,10058,25707,5366.310502283105,1387,4107,25918.801220982143,661,9507,21,11,66,110316.16,850664.62,849733.85,361,169,225
39,용산구,이촌2동,1.22,57,2159,8094,2673.62100456621,558,1183,7934.576677416255,60,2783,172,391,9,8525.2,177888.76,177705.87,202,35,60
40,용산구,이태원1동,0.57,450,3966,7947,16864.013698630137,1871,6544,13316.51217827381,815,712,246,373,52,77023.7,716520.78,722432.46,674,606,111
41,용산구,이태원2동,0.86,685,3786,10427,4004.009132420091,1285,3282,13850.114735416668,1127,705,232,949,45,56179.53,689230.78,689090.38,364,262,106
42,용산구,서빙고동,2.8,243,6523,13458,7524.703196347032,777,6126,16130.45455639881,618,2608,254,780,8,76295.48,795969.01,795108.89,235,58,102
43,용산구,보광동,0.71,408,2800,14060,5199.815068493151,1155,2365,11325.084151339284,2024,550,81,892,41,35722.13,404136.66,403828.76,320,206,118
44,용산구,청파동,0.9,910,6781,19833,6724.874429223744,2186,9850,23495.820672321428,1837,74,455,3186,84,166031.21,1034238.3099999999,1032119.74,449,417,227
45,용산구,원효로1동,0.59,436,9967,17774,7611.25799086758,2634,12179,22304.703530952378,563,3405,43,1161,79,98713.8,935620.32,932768.79,1049,318,197
46,용산구,한강로동,2.9,454,30057,22886,81245.57534246576,6669,48562,56379.13911413691,905,5192,162,431,79,783812.63,3506492.9,3507894.86,3184,897,449
47,용산구,한남동,3.01,1265,16498,22054,34134.74200913242,3473,21250,35749.33599464286,1630,3626,1068,1758,92,380981.11,1779660.0,1781042.3599999999,899,658,378
48,성동구,왕십리2동,0.41,229,5044,16688,16424.853881278537,1232,2948,15796.078601041667,608,4243,9,167,33,19649.71,427942.98,426421.83,357,123,121
49,성동구,마장동,1.05,720,8796,22706,10700.24200913242,4030,12518,22390.26949300595,1206,4173,212,816,157,185839.45,1083597.38,1082607.07,1959,226,196
50,성동구,사근동,1.1,491,7355,14082,16408.739726027397,1310,10537,26492.810426190477,793,1288,55,982,65,407404.73,1246352.05,1242564.44,225,444,167
51,성동구,행당1동,0.59,298,7516,13996,39886.26484018265,1578,9587,22109.85517901518,573,3680,200,680,57,153573.7,1356356.98,1355994.06,426,297,258
52,성동구,행당2동,0.42,92,9357,23148,12132.787671232876,1031,2412,18684.74129404762,133,8134,16,194,66,66179.42,671162.54,669354.51,314,73,192
53,성동구,응봉동,0.57,98,3151,15100,4393.525114155251,682,1162,11064.490793898809,150,3868,42,1254,8,25752.78,380724.01,379547.88,235,33,93
54,성동구,금호1가동,0.46,82,5457,15137,9479.360730593608,927,2416,15104.796482142856,77,5058,200,861,25,42260.88,525649.35,524554.74,257,74,158
55,성동구,금호4가동,0.84,137,5423,14228,13558.454337899544,999,2294,12018.424920278194,397,4439,101,254,32,51775.93,492411.2,491182.58,267,122,165
56,성동구,성수1가1동,1.97,596,7635,16407,11059.034246575342,2982,14473,20120.11885,629,3313,307,557,91,87266.74,954247.98,953572.25,628,224,251
57,성동구,성수1가2동,0.89,633,9712,12322,22781.374429223742,4784,26199,21242.614397619043,659,2345,200,389,96,114233.13,1081836.28,1082164.28,1071,515,339
58,성동구,성수2가1동,1.17,682,8387,15716,5423.990867579909,3557,20402,21985.372420535714,1079,1913,567,599,130,111339.18,1046630.02,1046668.14,947,423,226
59,성동구,성수2가3동,1.03,739,16697,10520,38101.340182648404,8853,63385,37892.90658660714,290,1912,57,589,96,428481.07,2385539.96,2387375.42,2183,674,574
60,성동구,송정동,0.75,556,3118,10464,2864.7899543378994,1005,2879,10643.405945238095,898,793,68,547,25,9024.39,345012.91,344056.1,275,83,80
61,성동구,용답동,2.31,508,6002,12551,38706.90867579909,2497,12834,21551.637410119045,1472,621,27,327,57,52400.83,746579.11,745216.72,850,234,188
62,성동구,왕십리도선동,0.72,363,13447,26903,7051.143835616438,3234,11495,31525.489541666666,544,7302,75,468,91,232405.42,1649532.46,1648055.76,906,488,398
63,성동구,금호2.3가동,0.64,345,6764,22423,4660.91095890411,1458,2963,21213.8759171131,893,5019,129,1338,74,71319.76,684655.41,682781.77,408,227,199
64,성동구,옥수동,1.94,142,10683,25843,15207.486301369863,1506,4717,28093.17652574405,124,9483,125,136,31,157398.53,805275.54,802794.73,423,153,276
65,광진구,화양동,1.16,1398,10647,27082,55760.1301369863,3072,16195,46408.471022470236,1413,1360,50,2315,158,610364.26,2139910.55,2144569.11,614,1001,428
66,광진구,군자동,0.74,1204,7263,21524,8222.826484018266,2389,9834,22289.605069940477,1435,779,268,1978,96,138575.34,985996.47,983940.5,683,407,283
67,광진구,중곡1동,0.62,1470,4979,15663,4083.8036529680367,2152,6363,16189.895367708334,1094,148,98,2159,114,39159.01,659163.36,657676.04,617,286,191
68,광진구,중곡2동,0.55,1682,6526,21336,5531.842465753424,2350,7380,18687.094270238096,1188,300,100,3265,133,94518.93,895169.08,893451.86,603,270,328
69,광진구,중곡3동,0.6,1541,5359,16177,14389.269406392694,1764,5019,15892.317190327381,1179,462,49,2058,122,52162.21,566169.67,564915.25,417,236,195
70,광진구,중곡4동,2.32,2314,8177,28405,3364.801369863014,1707,4257,25368.909861011904,1508,314,666,4746,132,136380.79,974542.01,973141.45,466,231,255
71,광진구,능동,1.1,1177,6560,11561,43295.447488584476,1214,6229,16041.811547767857,786,21,72,1620,32,57920.13,830117.65,828557.11,337,157,180
72,광진구,구의1동,0.56,1753,8621,24049,28252.214611872147,2623,7443,26012.70286845238,1070,264,180,3553,128,141279.44,909034.22,907838.9299999999,585,455,313
73,광진구,구의2동,1.39,1572,8722,26573,20825.12785388128,1929,5989,22101.573140625,977,1355,714,4221,74,106472.17,944041.28,941512.37,499,271,264
74,광진구,구의3동,1.02,941,14788,28440,35731.53881278539,3708,16217,32737.144800892856,424,5985,326,2291,44,266340.06,1518760.64,1516977.85,1511,387,511
75,광진구,광장동,2.39,566,16425,34362,16769.084474885844,2180,14269,36262.449842410715,214,9068,481,538,48,303620.92,1370145.96,1369079.84,625,218,377
76,광진구,자양1동,0.57,1400,6870,22709,5779.020547945205,2303,9645,25926.290172767858,1205,784,182,3118,109,97351.38,956918.27,955121.48,653,332,308
77,광진구,자양2동,1.68,1611,9499,24253,6269.840182648401,2196,7033,22170.369759077377,848,2802,257,3075,84,137619.79,813538.04,811813.65,526,201,306
78,광진구,자양3동,1.2,772,14240,27858,5961.16894977169,1922,7600,23904.11573467262,402,7088,248,782,62,196394.45,1295408.08,1295221.05,582,230,301
79,광진구,자양4동,1.16,1043,5713,21260,13964.25799086758,2197,6234,32734.34708125,1589,1405,363,1139,117,201603.36,1296448.74,1293864.32,555,436,290
80,동대문구,회기동,0.76,598,6029,13536,6149.965753424657,1293,10348,24594.475699255956,744,1577,50,652,92,126885.89,1023293.58,1021165.59,281,459,176
81,동대문구,휘경1동,0.63,388,6499,16339,26482.29223744292,1285,3690,20266.157529910713,913,2546,136,677,55,93222.13,942755.11,936073.93,420,212,175
82,동대문구,휘경2동,1.05,836,11358,24666,10546.856164383562,1665,5457,20947.88176175595,994,4151,414,1191,52,41535.39,751062.68,748781.26,358,150,183
83,동대문구,청량리동,1.2,456,8940,19094,11437.210045662101,1909,8278,21430.967049107145,1507,3691,65,853,93,114381.98,872804.52,872382.66,527,324,249
84,동대문구,용신동,1.61,1407,16812,36137,64432.504566210046,6982,30470,44805.12667202381,1942,4446,345,1522,240,333405.2,2130714.52,2129328.85,2677,691,500
85,동대문구,제기동,1.18,978,9163,26484,26729.787671232876,5355,13094,36468.04289360119,2262,3113,158,2148,215,219652.92,1718355.05,1713325.46,3087,566,363
86,동대문구,전농1동,1.19,907,11320,29220,47335.2694063927,3020,7638,32568.73511488095,2138,4044,224,1804,98,241044.32,1545101.76,1544462.41,1104,465,325
87,동대문구,전농2동,0.86,233,7287,18629,8318.22602739726,1358,5460,15679.92418377976,489,5505,200,417,26,73110.09,655463.44,653319.12,348,149,210
88,동대문구,답십리1동,0.81,467,13610,28530,6871.13698630137,3799,9651,23073.267350297618,944,7743,32,474,68,133450.57,1145716.77,1142965.67,1034,225,340
89,동대문구,답십리2동,0.85,444,9090,28055,9870.885844748858,2847,8207,23228.618640922617,991,8184,45,459,112,70355.59,791029.77,788842.0,1200,231,286
90,동대문구,장안1동,1.25,1323,19466,38677,16614.513698630137,6654,22326,37010.03123497024,892,6878,867,2934,228,234827.53,1364850.11,1364322.34,2019,627,454
91,동대문구,장안2동,1.09,1014,14889,32685,13499.32191780822,3956,12725,28379.06720595238,849,6061,637,2148,157,203426.32,1240020.91,1238867.07,1107,549,544
92,동대문구,이문1동,1.04,735,7147,21366,11376.65296803653,1641,6654,28040.444801190475,1501,2232,281,837,97,279530.36,1111679.16,1104838.68,338,355,215
93,동대문구,이문2동,0.69,294,6493,20183,8629.303652968036,1049,2385,14600.606616964285,954,4862,20,395,49,53214.28,588584.4,587690.53,274,105,137
94,중랑구,면목2동,0.77,833,6122,24206,5865.054794520548,2477,5975,21363.26297559524,1528,2444,210,2125,182,69812.52,757801.9,757232.91,567,285,198
95,중랑구,면목4동,0.87,583,4786,18746,10048.410958904109,2568,4971,17291.607393485087,1034,2867,157,1288,62,43254.74,563430.18,562370.65,298,148,173
96,중랑구,면목5동,0.7,457,7247,14836,4140.9497716894975,1161,3336,11655.127934958116,621,2174,264,1300,50,19465.43,400793.97,399444.95,273,98,85
97,중랑구,면목7동,1.2,648,6840,21798,5289.111872146119,1957,4800,18715.150863556413,1264,3151,232,1454,103,97175.13,746720.6,745024.71,510,233,216
98,중랑구,상봉1동,0.88,508,9696,23714,5786.799086757991,1952,6705,17923.284883630953,622,5365,258,1639,53,30840.33,546006.87,544798.28,475,158,231
99,중랑구,상봉2동,0.65,941,6796,20612,34232.125570776254,3344,9431,26947.759284672622,906,2043,173,2891,133,132960.24,1571952.25,1570986.17,666,569,362
100,중랑구,중화1동,0.64,1686,5636,19293,3371.219178082192,1565,4476,14706.992831313906,738,2120,639,2137,57,49367.48,525828.05,525052.61,450,96,192
101,중랑구,중화2동,1.01,900,6279,24926,22083.899543378997,2584,7044,27310.414792113097,2199,868,561,2790,135,88548.9,848858.54,847338.14,664,412,272
102,중랑구,묵1동,1.2,1133,15177,34344,6790.956621004566,2326,6252,25949.19729017857,788,6568,360,3004,85,107760.68000000001,893708.22,892432.77,607,265,292
103,중랑구,묵2동,0.67,867,6276,18624,12235.495433789954,2393,4973,19694.423611736205,996,1652,154,2375,132,118715.8,838307.83,836466.36,547,256,240
104,중랑구,망우3동,0.92,906,4324,16303,4175.917808219178,1507,4272,11981.893926127961,1348,61,111,2018,66,24089.91,433601.37,432962.09,367,127,155
105,중랑구,신내1동,2.56,465,17192,38205,21486.223744292238,3257,15420,35644.539781101186,436,11411,297,747,68,175808.98,1368063.06,1366453.35,788,273,414
106,중랑구,신내2동,0.93,39,6670,20155,9430.356164383562,1556,7186,17588.786351876603,9,8425,200,1571,6,42113.51,626051.26,625249.24,365,129,287
107,중랑구,면목본동,0.84,1286,8157,33856,26244.22602739726,3481,7511,27375.35741577381,2427,962,220,4856,117,113960.48,1108044.4,1104993.82,933,446,343
108,중랑구,면목3.8동,1.63,894,7070,24617,24121.440639269407,2776,7878,20791.183565625,1822,1942,429,2055,127,98073.05,919667.74,919992.16,592,446,308
109,중랑구,망우본동,3.03,1105,14616,35905,17919.584474885844,4406,12914,39455.12901994047,1822,3446,401,1624,160,270563.16,1555985.68,1554839.95,962,512,415
110,성북구,돈암1동,0.49,79,5809,14474,12934.659817351598,688,2087,13195.474208333335,164,5341,80,184,9,21236.89,426309.21,425031.29,203,40,128
111,성북구,돈암2동,0.48,62,9912,23657,5000.189497716895,909,2893,14300.854562202383,47,7791,20,379,66,15180.81,317382.73,316038.07,263,49,191
112,성북구,안암동,1.33,559,7994,17118,18380.11415525114,1927,14353,26644.688729017857,1179,1209,214,1282,138,374023.98,1287860.27,1282333.89,457,472,247
113,성북구,보문동,0.56,396,3535,16712,13236.426940639269,1787,6720,17315.539091666666,988,2491,42,965,94,71086.93,728085.68,725505.02,494,160,153
114,성북구,정릉1동,0.44,209,6064,18197,11090.029680365296,1275,2752,14285.605906589744,577,4535,72,628,44,37985.11,461102.43,460016.96,297,117,180
115,성북구,정릉2동,1.17,570,7628,22911,9680.196347031964,1422,3344,19759.182980357138,923,3105,739,3401,43,57653.58,739646.66,737969.01,385,134,211
116,성북구,정릉3동,3.71,605,4300,16567,7222.36301369863,1042,5404,16776.63112872024,1537,756,1148,1860,58,122694.61,555035.24,553378.55,252,154,120
117,성북구,정릉4동,3.13,547,8622,24911,17053.50913242009,1524,5018,18431.118180572685,590,5173,876,2303,51,97300.56999999999,674645.5599999999,671898.17,383,171,206
118,성북구,길음1동,0.79,96,13513,35000,33762.54109589041,1583,4419,36783.902106249996,97,11470,37,234,21,201794.9,921813.06,919486.69,446,176,312
119,성북구,길음2동,0.58,148,12483,21728,9902.764840182648,1696,5554,18971.171137797617,519,5152,32,113,39,136916.07,946310.35,944592.43,698,242,230
120,성북구,월곡1동,0.81,390,9587,26169,10103.949771689498,1841,5848,24706.251243303574,1021,6228,93,882,43,79978.7,1045445.46,1044187.96,504,181,284
121,성북구,월곡2동,1.36,608,8437,19739,21910.68493150685,2162,11083,23267.87702291667,1213,3384,172,815,88,135287.34,949323.9400000001,946757.11,511,331,259
122,성북구,장위1동,0.7,753,4431,24082,8284.477168949772,1532,3104,22545.188991666666,1482,90,462,4010,90,86790.63,678211.21,676776.3099999999,403,141,150
123,성북구,장위2동,0.67,496,3079,13622,13854.901826484018,1538,3865,12181.928386772239,1751,347,196,1731,95,34137.28,504156.73,504472.37,358,154,114
124,성북구,장위3동,0.65,125,6574,15868,5815.623287671233,877,2429,8195.252368304458,909,4619,199,327,24,13220.199999999999,310088.05,309609.4,209,71,110
125,성북구,성북동,2.86,1052,5775,16889,13126.454337899544,1790,6288,21029.107829464287,2391,630,769,1729,86,125577.56,970842.54,969591.73,469,221,302
126,성북구,삼선동,0.92,647,8283,23044,52243.276255707766,2507,11157,26999.383751339286,2002,2897,284,1676,128,178058.19,1154766.33,1152614.16,692,454,391
127,성북구,동선동,0.73,612,6177,15870,16507.771689497717,2682,10483,25882.36026517857,1129,1086,400,1548,135,202367.82,1248693.02,1248178.27,603,686,450
128,성북구,종암동,1.46,825,13161,40111,17041.755707762557,2858,8433,41363.27942544643,1419,8072,328,2296,120,261830.07,1218611.74,1213863.91,744,337,399
129,성북구,석관동,1.73,724,9890,35315,28274.76484018265,3072,8770,27432.153897767854,2582,4830,99,2850,111,137213.42,853300.53,851737.92,772,392,316
130,강북구,번1동,0.66,1081,6575,18578,50944.86073059361,2486,10192,17819.496386458333,1672,880,86,1803,88,98677.4,962392.45,961443.79,655,387,312
131,강북구,번2동,0.95,500,4328,15397,8384.29908675799,912,3732,12320.089931396138,290,2625,224,3558,26,28283.06,524480.33,523175.33,236,59,90
132,강북구,번3동,1.1,129,4842,16449,6832.445205479452,1126,3302,14802.851081249999,35,6861,66,271,24,30772.95,433985.34,433354.66,235,88,151
133,강북구,수유1동,1.67,1026,5866,20501,13028.5799086758,2031,5815,16845.088905483557,1541,622,494,4051,73,32427.19,519474.24,518608.08999999997,649,287,197
134,강북구,수유2동,0.57,860,7176,21054,8982.05707762557,1828,4637,17974.828731994046,868,2640,204,3412,119,85346.93,792629.88,791809.68,459,200,212
135,강북구,수유3동,0.72,1338,7327,23778,19398.662100456622,3235,9873,29447.199096875,1793,301,247,3485,136,134516.34,1340417.13,1341878.56,747,803,439
136,강북구,삼양동,0.91,687,6786,23090,11324.931506849314,1562,4104,23626.727309523812,1885,2647,612,2606,58,45085.72,620620.08,619077.01,369,138,226
137,강북구,미아동,0.93,971,7367,21685,23777.728310502283,2337,6971,23885.731001934524,1470,1100,444,3450,91,105797.1,1032871.94,1032610.01,612,381,274
138,강북구,송중동,1.01,1105,9441,29910,30833.956621004567,3022,8752,36478.83565922619,1991,2985,475,3261,91,226259.38,1402515.65,1403021.83,860,545,375
139,강북구,송천동,0.9,980,7837,25998,38250.01826484018,2658,7730,27251.68042485119,3011,1255,208,2568,123,158392.05,1281623.69,1279724.88,620,397,299
140,강북구,삼각산동,0.62,45,12858,30939,6690.319634703196,1405,2949,20592.265401041666,50,11291,200,24,11,91164.71,595806.73,593964.34,416,141,271
141,강북구,우이동,10.28,1185,6600,20407,14606.44292237443,1557,5515,18900.21995595238,1134,856,640,4415,77,115596.75,844809.35,845864.5599999999,398,325,164
142,강북구,인수동,3.28,1738,9633,29916,8438.634703196347,2226,6650,28402.87878645834,1817,670,1089,6427,125,104222.44,919243.69,917561.29,551,250,257
143,도봉구,쌍문1동,1.24,898,7242,21445,7411.648401826484,1457,4787,16745.211292708333,948,1971,753,3811,47,61811.71,627441.92,626074.29,363,150,184
144,도봉구,쌍문2동,0.54,775,6249,18461,8677.127853881278,1680,5781,17063.06212125877,645,2973,270,2533,52,51863.42,764979.55,763927.13,391,226,272
145,도봉구,쌍문3동,0.5,779,5627,16934,7304.365296803653,1307,4323,16843.64365539217,814,1930,171,2055,52,44656.71,575806.07,575457.24,365,185,162
146,도봉구,쌍문4동,0.52,164,4711,18348,5457.504566210046,907,2236,13006.080867366294,91,6120,88,525,11,20706.89,476380.92,475730.47,226,56,190
147,도봉구,방학1동,0.69,1227,13443,28410,14641.191780821919,2996,13758,23035.568403869045,1070,4495,352,2314,100,136162.49,1028075.58,1028199.17,749,508,441
148,도봉구,방학2동,0.74,1312,5715,19354,4103.351598173516,1576,3226,11847.44119790314,1072,234,845,3907,91,30903.0,387246.02999999997,386929.48,416,172,164
149,도봉구,방학3동,2.62,151,6835,26500,8166.95205479452,1476,3861,21334.079139762172,65,9237,45,337,14,45212.68,709674.59,708485.24,340,91,225
150,도봉구,창1동,0.88,401,6767,24502,40450.47716894977,2141,4381,20515.153498363095,399,7314,293,976,42,53675.09,750557.1,749631.2,479,188,229
151,도봉구,창2동,1.05,1048,10273,28957,6757.86301369863,2020,4978,29029.218906994047,665,2942,343,4788,60,90380.81999999999,1042931.08,1041074.46,530,178,213
152,도봉구,창3동,0.67,833,3729,13633,4639.458904109589,1241,2511,10371.175226472642,1083,1163,120,1571,40,17823.74,305470.7,305130.84,311,173,124
153,도봉구,창4동,0.95,98,10805,26121,10970.011415525114,1861,7981,27958.96819375,661,10045,48,38,66,131448.28,1185027.49,1185956.68,487,214,319
154,도봉구,창5동,0.7,458,11136,24343,29562.954337899544,2547,7316,20822.353805505954,146,6948,112,1428,47,81988.63,830571.33,829056.67,511,292,363
155,도봉구,도봉1동,8.72,1351,7935,20622,9905.970319634704,2147,6178,19078.40001398809,1140,1107,659,3922,136,154200.01,915484.48,916175.73,545,373,206
156,도봉구,도봉2동,0.83,373,10466,26359,21793.9497716895,2035,7780,19040.98146333111,495,8553,45,415,34,51320.36,625303.13,624384.1,465,197,236
157,노원구,월계1동,1.16,577,9316,21580,12266.575342465754,1921,6647,22379.040943005955,638,4503,239,2124,64,165759.32,913151.27,911874.99,452,337,293
158,노원구,월계2동,1.94,157,9180,26066,11275.141552511415,1436,3961,19183.902406250003,131,10866,173,294,13,63831.34,631982.15,630945.67,330,99,175
159,노원구,월계3동,1.17,56,10996,29384,11238.130136986301,1536,4525,24448.78746879529,45,12617,200,16,10,90557.46,936421.13,934317.89,424,116,222
160,노원구,공릉2동,6.82,634,18724,42538,22130.979452054795,2754,13078,44867.17658958334,538,10880,325,1122,58,312222.77999999997,1482081.5,1475521.04,623,404,452
161,노원구,하계1동,1.55,302,10360,26982,10015.452054794521,1615,8965,24530.223308482142,152,9283,440,560,31,150319.76,1258873.92,1257652.0,501,194,236
162,노원구,하계2동,0.51,15,5520,21642,21379.844748858446,778,1687,18115.21901886851,661,8160,200,1571,66,23315.5,443204.89,442017.3,208,37,120
163,노원구,중계본동,1.97,286,9135,23477,7442.817351598173,1724,5840,21062.971196706585,767,6158,192,933,38,101215.94,685873.78,686428.91,378,184,514
164,노원구,중계1동,0.63,69,9864,26580,5626.536529680366,1470,4522,25392.034273065477,661,8733,200,1571,6,39350.75,650237.65,649851.1,352,141,448
165,노원구,중계4동,1.7,155,6500,19601,6257.821917808219,1410,4285,16162.386440832975,95,7317,25,230,39,62620.78,619251.78,618472.79,328,237,271
166,노원구,상계1동,5.62,628,14425,37857,18668.924657534248,3934,11608,36604.6469376488,326,10902,418,1686,78,202575.51,1157286.7,1156161.16,795,372,448
167,노원구,상계2동,0.61,432,8349,19629,45811.89269406393,3325,11074,30096.564929315475,674,3908,200,1181,79,249394.05,1771835.97,1775812.83,1107,726,462
168,노원구,상계5동,1.01,642,4947,23737,21685.301369863013,2755,6516,18538.381027083335,1044,4133,202,1873,95,65968.8,605879.38,605158.96,618,292,348
169,노원구,상계8동,0.67,28,5101,22344,13885.666666666666,824,1943,18775.551197450826,661,9090,200,1571,66,91526.15,753945.38,750569.21,226,58,225
170,노원구,상계9동,0.81,34,5906,20071,3517.997716894977,1036,2848,17646.71780699405,661,8258,200,1571,66,41305.12,583192.59,582272.01,272,66,205
171,노원구,상계10동,0.8,29,6856,18477,6025.082191780822,818,2515,13567.320345238095,661,6422,200,1571,66,19929.07,468263.07,466990.97,223,44,144
172,노원구,상계3.4동,5.05,574,7769,25324,10712.070776255709,1849,4821,19996.05787286842,1410,5308,871,1647,56,94118.39,727136.36,725893.28,499,188,231
173,노원구,상계6.7동,1.11,146,11812,32044,10754.712328767124,2685,18222,46087.01711011904,661,13647,200,1571,66,225299.27,1885528.41,1883394.05,663,335,577
174,노원구,중계2.3동,0.9,36,9352,33497,21435.488584474886,2047,5777,32402.735212053572,661,14245,56,1571,66,125534.47,1102519.5,1101876.89,781,172,297
175,노원구,공릉1동,1.41,1224,14082,37184,33809.504566210046,3992,14564,43633.50687604166,794,9072,307,3282,127,267465.8,1603935.03,1600888.99,1086,542,474
176,은평구,녹번동,1.79,1380,12606,36884,28982.13470319635,3045,13682,34684.27972395833,1058,5206,540,5653,89,154483.9,1341669.77,1340203.15,688,306,440
177,은평구,불광1동,3.13,1048,12620,38265,18341.431506849316,2408,7000,28749.580335863095,1113,7280,489,4643,76,124099.68,1122144.06,1120816.04,620,321,360
178,은평구,갈현1동,0.97,1364,5483,17151,39920.62785388128,2038,5306,20136.07019488131,1482,928,493,4315,112,104767.78,920211.5,919901.96,503,416,289
179,은평구,갈현2동,0.96,1631,9867,28176,15549.214611872147,2344,6776,22366.110094737556,930,1406,413,6533,118,70064.06,747101.0,746179.11,600,379,390
180,은평구,구산동,1.38,1415,10833,32020,8949.648401826484,1996,6219,24798.017719249812,738,2645,571,6531,58,87190.89,876583.15,874335.56,489,165,294
181,은평구,대조동,0.85,1412,9260,26862,29792.728310502283,3363,7968,47180.90404464286,1190,2061,159,5134,118,160940.92,1843328.4,1839172.53,1119,582,411
182,은평구,응암1동,1.2,942,15599,33279,15923.009132420091,2605,8853,23849.20820982143,607,2762,198,3697,77,135721.1,1174733.17,1173470.38,778,308,401
183,은평구,응암2동,0.78,290,9913,28016,5825.292237442923,1284,3096,16187.36564702381,466,7485,57,1224,31,56953.76,525319.67,524094.2,350,146,183
184,은평구,신사1동,0.84,1140,8841,26984,24195.27397260274,1986,5162,23829.587570281186,589,2999,476,5291,62,96924.47,858242.17,856321.32,505,205,276
185,은평구,신사2동,1.0,930,5669,19497,16936.89497716895,2060,4261,12856.871487797618,1056,2394,383,2690,57,22563.95,440819.09,439288.47,333,100,190
186,은평구,증산동,0.81,686,8679,18647,16852.595890410958,1345,4363,15460.046102707625,771,1857,600,1598,38,45666.45,475260.65,473259.1,340,153,172
187,은평구,수색동,1.29,262,6420,13210,7384.36301369863,791,2760,11433.098319578698,280,2192,150,467,25,51213.38,502929.01,501595.23,225,96,77
188,은평구,진관동,11.53,398,31613,55034,39597.59817351598,3137,13270,59806.61685580357,257,16634,220,20,15,809751.5,1964412.14,1961860.59,915,433,555
189,은평구,불광2동,1.38,1706,7884,27280,10299.143835616438,1924,4933,21045.333251488093,1618,882,483,5920,67,84594.58,871218.17,869985.97,592,231,238
190,은평구,응암3동,0.63,1124,6041,24313,10440.454337899544,2467,6002,25792.187666220238,1294,925,105,4551,124,96600.12,873041.99,873024.88,616,468,328
191,은평구,역촌동,1.16,2535,15275,44984,12956.447488584476,3716,9380,42428.95397678571,1488,1782,493,10943,176,152874.51,1211097.13,1208805.14,923,497,498
192,서대문구,천연동,0.97,236,5189,17031,16303.490867579909,1131,3259,16484.14110684524,522,5109,112,306,32,64142.02,545696.78,543647.7,312,177,197
193,서대문구,홍제1동,1.23,620,8056,24674,35526.35159817352,1548,5601,24717.944636458335,619,4961,553,1824,65,118772.24,883224.04,880111.63,412,196,252
194,서대문구,홍제2동,1.05,205,5968,13433,5329.801369863014,829,2259,10434.340763216045,257,4109,58,545,24,16183.85,373413.28,372977.87,228,97,131
195,서대문구,홍제3동,0.81,456,4303,17890,8898.082191780823,1383,3882,15528.708962053573,881,2469,195,1364,60,74827.91,667510.91,665128.91,400,237,205
196,서대문구,홍은1동,1.58,375,6636,22825,6619.114155251142,1479,3187,16162.32078467262,1132,5041,274,808,53,46458.19,478731.43,477888.9,432,158,197
197,서대문구,홍은2동,2.06,1269,10590,27499,18793.80821917808,2077,6630,22420.292441369045,959,2514,895,4840,59,70212.01,912234.36,910410.19,450,245,286
198,서대문구,남가좌1동,0.51,48,5014,16884,11661.262557077625,954,2718,8440.72278219086,43,5250,186,104,26,22865.58,369747.09,369562.42,298,154,167
199,서대문구,남가좌2동,0.77,1169,16266,30508,11220.890410958904,2044,5698,19768.434676934525,995,5759,124,2023,78,113046.11,762475.95,759603.36,550,319,315
200,서대문구,북가좌1동,0.55,314,12845,17804,5364.593607305936,1490,3745,14236.07228407738,286,4770,192,821,20,57917.6,493141.6,491109.46,248,77,137
201,서대문구,북가좌2동,0.84,1277,6621,31244,10122.77397260274,2743,6468,35405.57206994048,1197,2016,737,6556,97,179597.71,1330410.97,1329677.49,524,273,325
202,서대문구,충현동,1.12,812,11582,20316,40818.79452054795,2995,23946,44683.17121175595,1350,3197,544,1428,54,209600.9,2192206.96,2191275.6,506,463,307
203,서대문구,북아현동,0.46,196,5803,15875,6764.933789954338,1154,2656,46516.338488095236,702,4099,95,360,42,38965.95,819992.62,819940.4,351,131,156
204,서대문구,신촌동,2.63,1111,19409,26143,72281.00456621005,5275,34964,65360.21286681548,1114,1565,249,2476,166,1593045.48,3559528.06,3553002.75,1320,1405,655
205,서대문구,연희동,3.05,2408,14660,37428,26347.093607305935,3420,13243,42802.31779866071,2543,3273,1247,4455,157,331611.13,1661816.87,1654988.49,905,518,439
206,마포구,용강동,0.84,1028,7173,21786,17064.08219178082,4088,23581,28644.578419047615,218,6067,72,899,53,115760.33,976257.26,975962.03,954,399,512
207,마포구,대흥동,0.87,821,7158,16177,36235.97260273973,1968,9808,26093.608232440474,1066,1591,6,601,71,197431.05,1311250.56,1308420.41,392,365,384
208,마포구,염리동,0.44,436,31057,17633,3361.2100456621006,1106,5256,18140.113660565476,564,1931,24,626,41,53559.93,982183.44,981599.17,242,204,202
209,마포구,신수동,0.78,883,12720,22672,2104.632420091324,2337,7126,17318.684956101188,651,5227,171,1387,72,90543.33,761618.91,760663.72,680,203,291
210,마포구,서교동,1.65,1283,8126,26674,167477.4109589041,13024,61160,93594.68367916669,1361,2420,355,4613,440,1461147.25,5058841.28,5091251.01,2920,2712,1640
211,마포구,합정동,1.72,662,16770,17064,6269.602739726028,4019,13457,24177.5348608631,666,1070,282,4164,137,124248.81,1060241.45,1061194.94,832,599,389
212,마포구,망원1동,1.13,609,9530,19757,5678.37899543379,2837,6549,20093.381848958332,920,1492,434,4082,119,158627.71,975060.89,974239.1,747,495,299
213,마포구,망원2동,0.67,128,14095,18449,4520.315068493151,2043,4844,16665.55696577381,421,2629,262,3054,101,81643.27,643288.94,642571.08,502,270,283
214,마포구,연남동,0.64,1246,6893,15603,6289.577625570776,3103,8438,20427.500207440477,1174,881,250,3210,133,94629.24,896631.77,897101.0599999999,654,957,294
215,마포구,성산1동,0.8,247,5631,19079,7126.719178082192,2506,11135,22243.83673764881,761,654,474,4681,92,70953.76,971346.09,969103.41,533,245,308
216,마포구,성산2동,2.07,377,13274,39500,28676.045662100456,3376,13659,36113.76610729166,462,9927,340,2318,45,243060.18,1351854.66,1348391.71,784,282,359
217,마포구,상암동,8.4,1206,10849,30837,46900.87214611872,4109,51381,51060.249187202375,347,8966,40,570,33,647225.29,2017690.18,2016727.0,697,788,545
218,마포구,도화동,0.62,297,9631,21118,6739.415525114156,3142,17730,15614.373022470238,510,6067,38,520,35,113528.84,999978.4,1001035.13,794,440,461
219,마포구,서강동,1.45,2842,24674,25576,22337.14383561644,2846,10812,28568.750530059526,610,5609,178,1973,84,180706.83,1408127.9,1406692.13,689,530,386
220,마포구,공덕동,1.01,614,14702,37476,42621.32648401827,3861,21353,43003.58830446428,1657,7071,203,2839,108,287880.81,1776469.88,1776082.74,912,487,458
221,마포구,아현동,0.76,483,7140,26184,25813.06392694064,2417,13499,27897.769916666668,230,8705,13,106,37,81640.62,979111.57,977690.13,626,243,402
222,양천구,목1동,1.41,261,22653,30536,53734.29680365297,3862,23811,44572.49195610119,132,7368,42,197,29,231696.84,1612937.42,1612988.2,1294,601,695
223,양천구,목2동,1.03,1270,10032,29641,25420.139269406394,1985,5297,24390.512438690475,586,2889,512,6498,67,141756.91,954368.43,950033.77,572,196,293
224,양천구,목3동,0.53,895,8357,21719,18700.705479452055,1931,5170,18440.862179166663,555,2243,124,4188,54,33843.98,463142.72,462422.63,533,245,308
225,양천구,목4동,0.57,1089,8332,25018,8476.388127853881,1997,4562,18031.530939583336,637,2833,282,3680,71,75299.69,749319.0599999999,749017.18,535,275,334
226,양천구,목5동,1.81,62,13789,40737,13228.93607305936,2306,10260,37977.526100446434,661,12390,200,1571,66,140769.12,1100615.42,1098744.32,523,190,855
227,양천구,신월1동,0.65,1167,7001,20343,4139.310502283105,2238,5875,14774.777847445288,1106,1330,445,3320,113,45369.3,575260.47,574691.42,605,281,231
228,양천구,신월2동,0.61,593,7271,20569,6221.91095890411,1622,4847,13671.75837843045,273,3882,808,2368,43,20762.8,370644.37,370187.54,378,108,203
229,양천구,신월3동,0.87,535,3881,14934,3157.970319634703,1462,5259,13165.705319494049,1147,1167,156,1854,47,25338.65,379056.43,378481.79,342,115,139
230,양천구,신월4동,0.52,468,6355,17698,5395.593607305936,1605,3977,11487.315438419471,177,3416,377,2150,25,10637.58,294045.25,293587.8,352,181,198
231,양천구,신월5동,0.69,650,5523,14461,3850.37899543379,1316,4437,9301.008311460118,470,1457,388,2355,45,22255.61,384670.05,383806.14,307,155,157
232,양천구,신월6동,0.41,190,6096,13816,4733.107305936073,2061,3735,4200.337255035454,54,4413,49,569,14,6158.12,209237.76,209271.08,249,98,134
233,양천구,신월7동,1.19,587,4182,19199,5516.746575342466,1777,5684,15032.28772650098,66,3291,187,4937,66,55863.79,543772.01,542394.63,409,157,191
234,양천구,신정1동,0.7,215,6045,19962,5543.513698630137,1582,6150,16297.640002827382,287,5440,200,268,46,31635.02,493372.38,492541.17,372,259,330
235,양천구,신정2동,0.52,284,6507,19003,2966.2123287671234,1560,4330,13818.278772474681,312,5244,78,419,66,35928.27,493618.65,492670.12,384,185,360
236,양천구,신정4동,1.01,2045,12870,33056,26132.49086757991,4593,17802,33535.0741047619,1289,1923,521,6296,122,213348.05,1386968.6199999999,1384300.34,1200,534,629
237,양천구,신정3동,2.72,541,19107,50587,24802.915525114156,3433,10739,42186.724287351186,549,13635,73,1158,25,245431.81,1434468.81,1434066.1300000001,624,164,429
238,양천구,신정6동,0.96,47,9010,24152,5008.913242009133,1044,6577,20964.945728422616,661,7214,200,1571,66,46109.84,662425.3,662180.76,237,75,326
239,양천구,신정7동,1.21,118,9316,28579,10734.931506849314,1555,5264,21333.97438422619,58,10653,200,125,25,86753.51,789115.75,787938.45,365,150,311
240,강서구,염창동,1.74,421,20668,41628,12540.710045662101,3097,16227,30793.418697767855,86,11882,216,1015,49,176936.34,1076532.81,1073496.39,814,266,459
241,강서구,등촌1동,0.64,473,13600,24991,13266.616438356165,2720,17753,23065.20324434524,183,4633,143,1382,43,104277.4,1107949.42,1105552.5,753,327,312
242,강서구,등촌2동,0.92,759,9611,19855,6896.25799086758,1211,3972,15646.530841815475,491,2717,472,3291,38,39024.77,556011.43,554445.57,338,115,164
243,강서구,등촌3동,0.79,233,17670,30025,29871.739726027397,3261,20336,41385.59828154762,10,13287,200,211,14,239471.78,2233620.62,2222756.34,1027,370,508
244,강서구,화곡본동,0.98,1877,12732,34121,8146.1164383561645,2177,4919,29774.017654315474,730,1064,630,10103,78,123222.85,971603.51,968794.82,569,283,310
245,강서구,화곡2동,0.45,1052,6412,17785,4460.751141552511,1283,2827,13040.633436109021,661,338,96,4930,68,14663.9,392426.68,391888.19,480,78,144
246,강서구,화곡3동,0.53,785,9879,21603,3937.8356164383563,1690,4397,19963.447419642856,478,3463,108,2580,36,66391.7,768806.43,769187.05,348,271,305
247,강서구,화곡4동,0.82,1296,8090,20514,4832.438356164384,1928,4315,17244.094180208333,831,694,179,5270,79,58625.51,548810.86,546990.47,591,275,220
248,강서구,화곡6동,1.11,1104,14487,25303,13297.376712328767,2456,12040,21408.18746354167,560,3117,692,3641,75,125133.14,1023227.3,1025193.57,557,481,302
249,강서구,화곡8동,0.53,1303,8322,24415,7812.376712328767,1748,4385,33018.95907291667,652,734,329,7273,47,125906.62,1702666.49,1701126.04,549,222,205
250,강서구,가양1동,4.7,500,49535,34359,40459.61187214612,9982,70656,53163.98974136905,84,6733,359,713,32,545917.28,2742305.09,2740081.3,2442,1309,949
251,강서구,가양2동,1.0,44,5314,13902,1918.2785388127854,914,3352,14631.74924419643,661,7082,200,1571,66,64750.69,585618.04,583468.39,257,65,140
252,강서구,가양3동,0.5,40,5567,14678,1991.662100456621,1252,7941,11049.678104464285,661,7454,200,1571,66,26443.48,469624.39,468503.53,352,48,124
253,강서구,발산1동,2.94,742,29360,36236,23073.91780821918,6786,32771,35578.544297023815,242,9143,470,2389,40,174067.59,1537866.45,1534365.02,2244,542,908
254,강서구,공항동,10.87,1376,25818,30927,15574.947488584476,2838,34394,35188.311403422624,1329,3044,133,3319,63,211078.99,1700295.05,1687482.43,788,347,338
255,강서구,방화1동,1.48,1013,14206,42851,16322.130136986301,3658,11304,33982.99061175596,916,10024,144,2499,90,144730.01,1068034.02,1065673.4,923,392,589
256,강서구,방화2동,6.41,1018,15923,23371,33662.63926940639,3860,16238,28722.916396428573,1218,3922,196,2086,110,133048.41,1383186.05,1393356.23,885,344,237
257,강서구,방화3동,2.55,250,8603,22544,7368.285388127854,1287,4689,16706.171445535714,117,8921,90,556,14,62875.06,603411.5,601261.59,319,102,148
258,강서구,화곡1동,1.12,2458,20220,52647,68557.82876712328,4150,10810,49729.79850595238,1240,5986,213,11128,187,195653.37,1565592.8,1562726.0,1018,718,508
259,강서구,우장산동,1.36,895,19795,42883,29124.431506849316,2508,7147,33079.76272678572,431,9529,324,3040,71,84391.61,1049381.67,1048315.33,577,224,472
260,구로구,신도림동,1.47,218,20948,36138,62570.83105022831,3711,15112,34061.43842127976,278,10552,106,137,51,316560.13,1350704.06,1348760.56,1069,321,475
261,구로구,구로1동,1.02,63,7000,20936,3487.527397260274,1158,3235,16972.327598511903,661,6700,200,112,7,59565.94,490917.62,488829.65,307,81,197
262,구로구,구로2동,1.76,1152,16305,30093,24640.98401826484,9656,31811,43049.692458482146,2672,1962,121,2307,121,149142.33,1561181.51,1560873.24,5614,590,384
263,구로구,구로3동,1.02,385,24482,25055,81842.85616438356,10885,94712,48872.95803407738,175,5481,126,1550,29,655782.06,2547765.44,2551232.06,2454,877,815
264,구로구,구로4동,0.46,243,5048,23052,6942.958904109589,2393,6469,23916.902160267855,717,6027,123,1536,80,112568.99,921992.14,922702.45,736,461,351
265,구로구,구로5동,1.03,837,18865,31740,22530.358447488583,5596,28055,37699.610414285715,1018,6811,141,676,94,362021.74,2131214.21,2128850.22,1676,594,468
266,구로구,고척1동,1.16,479,12075,25636,11002.648401826484,3188,10326,20561.06651294643,530,5556,111,1159,49,174111.26,1148136.42,1143679.73,1029,290,310
267,구로구,고척2동,1.02,1156,9547,26557,8996.253424657534,2416,5276,15816.155770089284,1212,4499,332,2029,70,34024.15,510573.19,508350.35,536,212,277
268,구로구,개봉2동,0.8,845,10265,30665,10318.344748858448,1789,3901,24407.360761458334,432,6526,89,3961,37,82993.29,698113.85,695325.98,430,171,282
269,구로구,개봉3동,0.81,918,8032,20251,3808.568493150685,1428,8477,15263.635583928572,587,2267,108,4234,70,80053.22,679275.99,678534.78,360,184,182
270,구로구,오류1동,0.59,559,8300,23126,13111.547945205479,1733,5168,17744.56409404762,676,4262,255,1699,35,72374.49,733569.26,734023.24,525,230,221
271,구로구,오류2동,3.2,579,17390,38528,21181.19178082192,2420,8474,53551.423572023814,529,9695,1694,2023,44,282883.3,1640666.6,1636519.82,644,214,388
272,구로구,수궁동,2.67,778,9864,23332,24061.102739726026,1801,6447,24182.316625035925,334,1510,3213,3738,45,84386.48,659095.88,658914.54,422,155,233
273,구로구,가리봉동,0.4,357,2620,12653,6246.237442922375,1189,4248,16301.93811592262,997,114,104,1290,46,8218.49,307812.78,307857.02,336,270,163
274,구로구,개봉1동,1.31,1014,12330,34105,29407.303652968036,2540,6162,33459.10623288691,1285,6071,342,3209,60,140295.51,1112438.58,1110796.4,774,300,318
275,금천구,가산동,2.52,806,53019,26569,72303.30365296804,25043,182376,68247.49716889882,625,3027,193,2280,75,715800.53,3395428.2399999998,3392055.06,6665,1319,1345
276,금천구,독산1동,2.09,1012,26177,47573,23458.89269406393,5608,24752,40180.51423973214,483,10364,48,2063,80,182343.9,1538395.58,1535538.42,1538,525,525
277,금천구,독산2동,0.6,1152,5346,19562,8710.164383561643,1531,4184,15817.640732589285,1355,235,241,3048,52,22662.28,418576.8,418026.11,361,212,175
278,금천구,독산3동,0.92,1387,9885,27239,14049.778538812785,2677,6887,24991.540956547622,1322,1560,305,3705,75,49596.81,708956.38,707428.59,672,366,249
279,금천구,독산4동,0.59,1114,5312,16432,9927.72602739726,1385,3457,13451.993551339285,1031,449,163,2263,40,59378.5,604617.07,604235.34,306,214,167
280,금천구,시흥1동,1.71,1317,14115,34054,23219.132420091326,4103,15341,30153.850580059523,1500,4903,309,3379,90,233065.43,1249663.71,1249741.33,1054,628,552
281,금천구,시흥2동,1.26,112,7585,20832,6197.554794520548,1090,2778,15599.39815185777,115,7535,16,301,14,33529.96,439567.22,438391.79,289,43,193
282,금천구,시흥3동,1.07,517,6325,10701,3471.7488584474886,3839,9592,10428.264227271382,162,425,1984,1487,19,31572.58,411263.92,410648.23,1881,118,159
283,금천구,시흥4동,0.87,940,6300,20614,6894.3721461187215,1171,2350,11852.300317708336,926,1610,453,2960,27,39447.96,496740.35000000003,495855.83,265,93,130
284,금천구,시흥5동,1.39,852,5084,19242,11062.511415525114,1517,3732,11881.488096718309,1288,1581,202,2373,63,48477.92,398115.02999999997,397328.72,354,181,212
285,영등포구,여의동,8.4,263,50360,32923,123767.85844748859,15940,192014,101187.38572812501,661,10200,200,1571,66,2582089.19,6080202.15,6081554.58,2449,1870,1183
286,영등포구,당산1동,0.75,448,10582,20740,29350.744292237443,5494,24326,26663.72213244047,799,4083,200,762,125,183435.62,1468645.71,1466528.12,1699,603,452
287,영등포구,당산2동,1.55,424,15902,37102,49933.28767123288,4485,29031,38941.19521443453,330,8920,23,1219,71,252642.18,1541297.39,1538740.95,1033,429,574
288,영등포구,양평1동,0.88,372,10939,18704,11390.488584474886,4862,25006,19587.05756026786,659,3011,45,445,69,96899.92,856938.0,856442.15,959,337,273
289,영등포구,양평2동,3.0,426,11720,22583,15899.022831050228,3692,23744,28666.12933407738,271,4652,155,1959,78,153897.31,1059035.13,1056545.88,807,362,329
290,영등포구,신길1동,0.66,797,6205,20483,17151.018264840182,1492,4556,20203.0973125,1518,1327,137,1246,52,100295.06,817532.0,816792.42,459,225,206
291,영등포구,신길3동,0.52,336,5215,17281,5893.728310502283,1274,2701,15070.293627232144,1136,3172,200,391,40,42264.88,439637.68,438545.71,387,151,181
292,영등포구,신길4동,0.38,179,2932,13016,3557.9794520547944,620,1455,9128.843202827382,624,2690,200,390,21,17671.91,375545.63,374918.43,145,88,77
293,영등포구,신길5동,0.47,562,2592,11212,3846.3424657534247,721,2192,12043.960033779764,798,610,146,718,29,11580.36,292561.95,292826.42,219,88,82
294,영등포구,신길6동,0.65,566,8537,19593,17112.721461187215,1659,5235,20833.260179910718,786,3414,174,604,65,71025.82,793767.48,792582.19,436,207,273
295,영등포구,신길7동,0.64,245,6197,19899,14369.547945205479,996,3511,18261.254789583334,238,6182,37,206,27,48284.67,590787.35,589302.09,287,120,144
296,영등포구,대림1동,0.49,879,5788,16506,4939.260273972603,1472,4850,20040.942503869046,1094,2142,143,607,66,61621.07,692112.05,692796.49,444,210,174
297,영등포구,대림2동,0.55,1202,4955,17523,4291.6506849315065,2049,4876,30465.858972470236,1470,1529,246,910,86,121122.87999999999,996989.76,999155.51,494,366,248
298,영등포구,대림3동,0.95,1350,8648,25205,35839.0799086758,3310,10073,33038.423005357145,1136,4190,40,1881,128,145986.09,1313851.8599999999,1316722.01,927,348,431
299,영등포구,영등포본동,1.02,402,7073,22714,25164.180365296805,1924,6381,21104.34269360119,1278,3543,69,1463,51,79750.06,1056141.99,1056161.82,743,292,236
300,영등포구,영등포동,1.26,622,20184,30461,44616.38812785388,14943,41886,55370.22838020833,625,5078,109,1626,148,661994.91,3561892.73,3565720.75,2954,1179,725
301,영등포구,도림동,0.89,667,6339,19600,4603.486301369863,1707,3580,16403.830585565476,1270,1562,126,992,55,75160.97,741284.1799999999,740446.33,476,149,177
302,영등포구,문래동,1.49,365,19191,32540,29392.465753424658,7922,49600,41964.641327232144,243,8652,36,55,60,325672.58,1708839.66,1710595.2,2029,634,638
303,동작구,노량진2동,0.64,145,3051,11234,12444.60502283105,2011,6809,18836.91958690476,1537,104,214,811,86,81703.44,1033107.64,1031679.9,1169,258,141
304,동작구,상도1동,1.51,991,16684,46166,48319.78767123288,2616,9396,46069.398167261905,926,9078,743,3845,145,308460.15,1388593.3800000001,1383273.96,594,448,432
305,동작구,상도2동,0.98,428,13047,27982,18359.60502283105,1855,5790,21524.465859970238,855,6058,239,1817,70,91167.59,884128.88,881235.15,500,234,340
306,동작구,상도3동,0.6,956,6020,24456,7714.413242009133,1613,3766,17492.254686358534,998,953,793,4436,66,49668.22,562659.82,561032.61,463,168,189
307,동작구,상도4동,0.75,1187,7252,28564,6540.773972602739,1614,3516,23825.218093469066,1443,688,663,5407,74,74888.3,821955.92,819324.1799999999,437,170,218
308,동작구,사당1동,0.79,1031,6402,23009,7993.518264840182,2463,10779,25422.149620833334,1226,550,432,3442,130,118558.84,1267293.51,1265508.98,526,455,385
309,동작구,사당3동,0.92,319,8752,24189,5501.618721461187,1470,4960,19027.545143657964,592,5227,163,1724,53,45676.94,583777.2,581692.83,400,149,237
310,동작구,사당4동,0.38,584,3804,14185,10883.481735159818,963,2159,13911.701269494048,704,975,143,2227,31,37208.15,546689.82,544507.45,266,110,131
311,동작구,사당5동,0.57,326,5588,14434,3967.002283105023,910,2034,10892.187156994049,457,1720,195,1101,42,30140.5,413411.97,411868.03,257,59,121
312,동작구,대방동,1.55,743,11523,37056,42647.23515981735,2475,12300,40089.538269791665,1002,7032,394,3281,99,182146.41,1408674.35,1404291.57,569,294,502
313,동작구,신대방1동,0.62,389,5897,25118,5739.029680365296,1453,3806,25390.669019940477,799,4630,102,970,37,68995.92,790378.18,791017.09,406,174,240
314,동작구,신대방2동,1.03,516,12756,22445,13590.328767123288,1810,18775,26371.781057886903,690,3092,244,1447,47,192741.45,1399571.08,1398832.02,360,266,250
315,동작구,흑석동,1.68,293,16126,30694,23520.06621004566,2136,11037,33627.46938154762,1480,6822,408,836,67,582501.99,1252821.18,1247035.18,496,429,327
316,동작구,노량진1동,1.58,450,11784,32114,56034.292237442925,2367,7337,36423.17808273809,1055,8290,359,836,72,290216.31,1252127.13,1250851.99,493,598,456
317,동작구,사당2동,2.75,411,8975,28786,46918.37671232877,2159,6817,32726.986501190477,758,6387,197,923,76,263823.94,1389357.45,1387844.68,554,409,385
318,관악구,보라매동,0.76,1161,8659,24660,10260.70091324201,2025,6990,17504.968842559523,1327,1413,622,2778,81,33567.96,634455.75,632600.82,733,306,204
319,관악구,청림동,0.3,103,4182,15005,3659.4269406392696,729,1615,11666.985367708332,484,4356,110,286,27,8250.13,245032.45,244114.08,159,82,143
320,관악구,행운동,0.72,1199,8846,29636,14750.429223744291,2060,7295,23990.175614136904,1164,3530,106,2181,107,86038.62,923036.24,920510.3099999999,514,304,328
321,관악구,낙성대동,2.27,848,7295,17928,14535.100456621005,1997,8919,25564.564929464283,648,1422,405,981,87,200970.88,1321968.67,1318243.3,309,562,219
322,관악구,중앙동,0.39,650,4599,15685,8642.168949771689,1658,6950,15804.518338392858,950,1013,157,1398,73,45707.58,649985.94,647648.75,374,249,210
323,관악구,인헌동,1.08,1181,6813,26119,31233.310502283104,1609,4684,25023.549119642856,831,1319,692,3925,82,159560.63,867871.62,863962.26,375,228,224
324,관악구,남현동,3.27,821,7589,18163,66138.52511415526,1442,5853,25116.722536160712,478,2093,529,2135,42,163080.98,1185396.63,1184462.48,294,236,208
325,관악구,서원동,0.65,1196,6791,23511,77701.29223744292,1911,8436,23176.603794494044,979,785,448,3171,71,148646.89,1153256.3,1154609.03,550,440,264
326,관악구,신원동,0.55,1074,3668,18620,2485.4018264840183,1172,2777,18087.045210565477,1359,677,82,1653,87,29555.66,517296.49,515302.98,329,187,133
327,관악구,서림동,0.99,1075,5825,24361,11547.872146118722,1644,3444,18149.080176819476,1039,1763,274,1951,125,48560.89,544897.65,542348.13,335,235,185
328,관악구,신사동,0.64,1856,6735,24719,28103.867579908674,2088,4914,22892.634026488096,1654,297,134,2034,92,59952.02,660459.11,658666.03,560,271,250
329,관악구,신림동,0.54,1069,6791,23877,20387.26484018265,2385,6024,29705.559028869047,829,1244,14,1965,190,205101.42,1284708.13,1283116.95,543,673,292
330,관악구,난향동,0.8,308,5626,15050,5330.954337899543,734,2130,10342.959943417492,445,3873,79,525,16,14529.02,296224.67,295157.43,187,46,128
331,관악구,조원동,0.67,1074,7215,20490,24293.24885844749,2707,7336,30603.296007589284,858,1231,130,1832,129,81701.14,1723308.51,1722170.85,557,359,266
332,관악구,대학동,8.3,1291,7680,26301,24635.961187214612,2179,14916,33985.371291071424,1102,2006,232,826,234,397368.62,1279709.95,1273873.45,336,656,360
333,관악구,은천동,0.78,1058,11107,33156,12911.116438356165,2434,7925,29145.777823511904,1033,6053,246,3079,108,102887.53,912572.32,910097.53,608,338,328
334,관악구,성현동,0.68,374,11815,28830,8516.356164383562,1328,3238,23231.733541563608,375,8669,129,1368,37,58968.46,630549.83,628758.84,278,102,240
335,관악구,청룡동,1.18,1218,10372,37132,78717.15525114155,2742,12505,40830.602262202374,1220,4392,456,1732,121,274908.54,1663435.31,1657946.17,669,437,391
336,관악구,난곡동,0.96,1165,6325,26679,10185.529680365296,1485,3215,16517.937149716723,1496,915,715,4470,63,58307.47,512535.44,510996.73,365,120,177
337,관악구,삼성동,2.66,449,5988,20642,9175.166666666666,1368,3064,19549.032007142858,1844,4712,233,1010,34,63914.51,586541.45,584965.14,358,98,142
338,관악구,미성동,1.38,1276,10039,30662,14343.52511415525,2218,6187,21256.72702098214,1134,3654,425,3470,108,77098.6,793231.56,791165.9299999999,520,215,308
339,서초구,서초1동,1.42,1130,20030,20622,48592.5296803653,5686,42507,33974.76023794643,443,4527,239,1436,90,254116.57,1796186.58,1795743.05,1386,485,685
340,서초구,서초2동,1.24,506,27793,26932,94240.69634703196,8772,71566,50744.22003943453,97,6285,81,387,51,531392.57,2633305.04,2632911.89,1989,529,1212
341,서초구,서초3동,2.93,1651,36164,32379,65377.01369863014,12046,84922,68099.92169999999,316,6096,661,2844,123,975737.64,4370968.85,4370985.23,2042,1065,1164
342,서초구,서초4동,0.88,252,21017,30521,12538.477168949772,4302,31706,44871.882197470244,19,9077,48,72,8,309806.13,2289361.82,2299879.31,790,479,838
343,서초구,잠원동,1.76,613,13664,26393,13393.739726027397,3812,20974,34606.874704166665,231,10436,123,608,96,201413.35,1446535.47,1448592.47,867,402,593
344,서초구,반포본동,1.01,9,691,292,3090.189497716895,374,1286,4044.976405935283,661,3660,200,1571,66,880.9499999999999,88150.96,88093.23,157,38,64
345,서초구,반포1동,1.0,830,17294,34443,19872.360730593606,2593,13146,34257.06151770834,478,6526,309,2047,69,172143.29,1448309.59,1451328.54,596,313,415
346,서초구,반포2동,1.35,21,9473,15742,9350.570776255709,539,2333,16714.571579166666,661,4702,200,1571,66,116828.37,789916.17,790240.51,134,39,125
347,서초구,반포3동,1.28,54,11136,22773,13050.93607305936,1392,7458,26430.909537202377,6,7177,200,1571,66,135703.49,1089878.14,1089793.4,490,139,326
348,서초구,반포4동,1.43,769,19332,19486,88191.09360730594,4459,30539,46907.37324613095,118,3834,967,1211,62,400151.07,3126266.58,3122508.87,2210,528,534
349,서초구,방배본동,0.67,859,12483,20778,6779.2899543379,2459,10660,17947.339125446426,314,3500,159,1697,73,82632.29,788219.96,787317.41,694,286,381
350,서초구,방배1동,0.7,1003,9809,16883,20214.054794520547,2468,17090,20542.90176592262,399,1952,265,2841,82,178382.17,1001624.41,1000822.45,611,281,386
351,서초구,방배2동,1.93,1162,10052,18553,9115.819634703197,2784,17750,21963.934169940476,776,2125,189,2147,69,92936.64,1057199.21,1058827.64,591,366,355
352,서초구,방배3동,2.4,815,13608,17321,24082.310502283104,1983,13217,18214.23864776786,326,4384,327,1758,33,27982.88,577064.1799999999,576297.08,381,105,213
353,서초구,방배4동,0.98,1357,13476,23429,9629.769406392694,3223,14236,27602.334533630954,463,3778,259,3107,105,157934.17,1226564.2,1225174.97,800,295,533
354,서초구,양재1동,5.76,1455,31702,42683,66541.5799086758,5646,47376,56740.10104568452,516,10799,869,2244,133,379795.63,2725676.87,2727846.04,1389,580,710
355,서초구,양재2동,7.58,1683,32216,21766,22099.230593607306,7927,51408,40191.557067410715,386,909,844,4463,240,412165.56,2353878.01,2354565.45,2337,660,569
356,서초구,내곡동,12.68,521,11009,17455,9307.328767123288,1493,9802,25810.45541592262,593,4732,16,69,25,95942.55,846348.79,846527.02,563,95,175
357,강남구,신사동,1.89,1176,16304,15876,12208.764840182648,6143,28917,40383.51104895834,343,3582,107,786,130,459431.77,2349378.47,2358508.88,1519,887,1012
358,강남구,논현1동,1.25,2129,21536,22080,63400.58219178082,8395,48548,48728.54232142857,854,1800,962,4278,219,448476.49,2713884.88,2715601.36,2121,885,1028
359,강남구,논현2동,1.47,2096,24924,20814,50557.04109589041,9228,71748,47152.14165907738,616,2852,676,2812,176,438083.5,2905070.84,2904205.87,2132,1111,978
360,강남구,삼성1동,1.94,795,20674,12739,52838.077625570775,7353,73562,45257.167563839284,217,3111,384,832,51,819085.49,3480481.45,3487167.52,2104,730,663
361,강남구,삼성2동,1.24,1161,24425,31062,26707.671232876713,6267,48407,43744.70795907738,370,6887,149,2685,87,272427.49,2219415.08,2217342.42,1308,541,701
362,강남구,대치1동,0.79,129,14116,23846,12713.191780821919,1406,7459,30127.631735119045,5,6868,12,44,6,132449.07,1172104.26,1171730.03,254,143,535
363,강남구,대치2동,2.0,618,27402,37098,75444.22831050228,5880,70537,52680.32893154762,127,9998,60,889,35,306324.2,2455802.35,2458578.34,1506,542,924
364,강남구,대치4동,0.73,1300,16756,19491,64369.84703196347,5882,37270,42404.20688943453,464,1985,130,3861,124,307331.27,2234112.31,2236175.39,1260,779,1343
365,강남구,역삼1동,2.35,3162,46901,35556,119130.53424657535,22326,176153,119434.80740119047,1217,2678,972,6915,213,1949558.71,7623537.25,7621885.29,4553,2619,2488
366,강남구,역삼2동,1.15,1464,32980,37269,15579.009132420091,6033,45149,57638.676583184526,297,8691,258,2561,55,249535.99,2208151.64,2206133.87,1336,639,722
367,강남구,도곡1동,1.02,458,13319,21274,21554.86301369863,2616,18547,36346.55054464286,129,5802,187,664,58,133372.62,1965086.1099999999,1964738.08,603,259,384
368,강남구,도곡2동,1.02,344,25404,32846,25574.723744292238,2990,21648,31115.11270505952,45,9727,126,245,70,120742.56,1260879.29,1260275.91,794,283,446
369,강남구,개포1동,1.27,31,3332,6922,3762.9954337899544,279,1251,9013.121722916665,7,1499,200,102,66,25610.54,465527.92,463489.49,78,12,31
370,강남구,개포2동,2.51,207,15709,29032,11897.196347031964,1309,4366,26198.484484374996,62,6681,9,292,19,104464.79,815503.49,814178.27,341,134,250
371,강남구,개포4동,1.49,1025,7438,23639,6037.719178082192,2900,12667,16213.940320535716,258,3451,481,3031,188,78473.41,754423.96,753131.1799999999,946,215,318
372,강남구,일원본동,2.58,132,11775,23015,16120.696347031964,732,10021,25519.04828258929,104,6884,291,1571,66,118365.47,1227348.05,1225596.38,192,55,163
373,강남구,일원1동,0.92,913,5810,14987,3286.0981735159817,1708,6381,15572.719834375,506,3033,7,1178,68,52266.1,515813.77,515155.27,287,187,238
374,강남구,수서동,1.43,116,8415,14402,35055.48630136986,2229,18865,23685.47113154762,58,7185,200,1571,66,101679.36,1386086.26,1382867.14,686,208,248
375,강남구,세곡동,6.36,725,21737,43382,14591.168949771689,2466,9881,46407.80934568452,758,11467,199,163,9,232231.53,1284759.1,1281572.88,699,205,401
376,강남구,압구정동,2.53,997,21948,25902,61474.13242009132,5978,36485,46449.97917514881,170,7842,247,496,101,552740.08,3028643.79,3039544.06,1570,919,1022
377,강남구,청담동,2.33,1559,26910,25489,18174.920091324202,7024,43117,45686.75460491071,361,7322,570,1356,122,336845.4,2586922.84,2587215.5,1754,772,1004
378,송파구,풍납1동,0.77,1162,5641,12910,3301.0228310502284,946,2522,16645.31344598214,892,1596,204,562,42,44719.15,482591.64,481447.23,271,112,112
379,송파구,풍납2동,1.59,931,15038,24426,6194.833333333333,1772,16405,36766.01473511905,499,5535,178,1341,55,266685.09,1627579.65,1622482.1,418,141,243
380,송파구,거여1동,0.51,753,4289,12255,11500.280821917808,1228,3504,12310.373745331011,410,1542,212,1345,43,46399.0,533438.6,532624.12,365,133,147
381,송파구,거여2동,0.53,527,11775,23745,2819.981735159817,1225,4647,17464.9517815855,306,4442,61,544,29,86649.48,670268.34,669395.77,269,119,247
382,송파구,마천1동,0.58,1420,6255,18618,9673.527397260274,1419,3006,12537.16978879386,986,2326,171,1748,68,37445.95,450064.47,449388.29,321,150,142
383,송파구,마천2동,0.89,1482,5296,18150,5944.102739726028,1796,4727,15107.744676488095,938,1321,404,2595,96,66435.51,573128.95,573331.81,494,203,203
384,송파구,방이1동,0.5,726,7152,15460,9724.045662100456,1963,8979,18462.704469871744,127,2146,310,2250,88,77461.27,849059.0,848935.48,440,270,398
385,송파구,방이2동,0.8,1609,14183,26354,11309.598173515982,5121,21736,39866.21799583333,342,1212,621,5948,91,357416.51,2000085.93,2009399.85,1304,754,516
386,송파구,오륜동,3.17,82,7021,17804,18653.737442922375,728,4992,18131.835038541667,661,5540,200,1571,66,82559.04,756645.66,757589.93,304,52,160
387,송파구,오금동,1.65,1483,16772,38037,18519.45890410959,3613,19900,37235.162026785714,367,7216,560,4674,146,181202.83000000002,1443172.36,1442721.39,992,327,500
388,송파구,송파1동,0.79,1657,11156,24008,16350.006849315068,3406,16572,31400.06883988095,405,1267,393,7168,102,243047.94,1450847.63,1449646.08,776,511,429
389,송파구,송파2동,0.53,496,7959,18947,1934.2602739726028,1257,3951,17264.11704166667,120,4575,155,1705,28,43955.909999999996,548110.3099999999,547129.05,371,153,249
390,송파구,석촌동,0.95,2248,14710,31602,23912.36529680365,4113,17243,29187.573146279763,510,1066,423,9931,161,224843.26,1418168.38,1416526.72,1133,623,559
391,송파구,삼전동,0.95,1996,12320,29912,6941.388127853881,2884,12315,30292.66479880953,477,479,284,10168,89,118676.45999999999,994653.52,991530.66,741,390,455
392,송파구,가락본동,1.13,1084,14520,25883,8574.67808219178,5069,28151,38657.66760401786,332,4975,231,2742,130,301752.95,2025606.75,2025850.09,1643,670,584
393,송파구,가락1동,1.34,60,15237,27521,29353.278538812785,3791,12367,30711.946357142857,661,9716,200,1571,66,195294.09,1489670.3,1483036.71,3026,153,144
394,송파구,가락2동,0.96,1047,12780,31670,18017.461187214612,3155,11544,27149.637307969922,273,6417,188,3452,94,100343.3,932374.59,931771.77,801,277,455
395,송파구,문정1동,0.56,864,9330,19916,4058.6461187214613,1988,6841,20832.61322752976,223,3181,187,3102,90,80683.6,918950.47,917645.64,535,221,235
396,송파구,문정2동,2.2,91,28046,28841,33952.102739726026,13813,93614,46135.65724583333,661,5606,200,1571,66,632709.84,3058951.57,3055411.56,4223,911,867
397,송파구,장지동,1.37,813,27829,29102,25172.602739726026,1968,9283,33341.60807008928,269,8253,194,2945,71,131478.1,1024246.83,1022192.29,491,178,319
398,송파구,위례동,2.55,49,7598,44613,12063.440639269407,1264,5146,45789.35321994048,661,9962,200,1571,66,196599.53,1303022.97,1300445.51,363,170,250
399,송파구,잠실본동,0.94,1914,13187,28358,16041.073059360731,4300,21755,36868.32031413691,593,1145,124,7576,145,374561.0,1693113.8599999999,1696171.91,1064,835,701
400,송파구,잠실2동,2.18,28,23732,34876,23658.64383561644,1137,4639,29450.80861339286,661,11241,200,1571,66,160883.47,1090154.94,1090997.33,365,107,246
401,송파구,잠실3동,1.49,57,19193,34143,16763.077625570775,2115,8502,53397.53385848214,661,11046,200,1571,66,545120.62,2257449.07,2259417.94,1009,239,269
402,송파구,잠실4동,1.56,13,9925,21223,19957.35616438356,633,1906,21080.893211160714,661,6864,200,1571,66,96355.4,734818.22,732598.07,189,39,152
403,송파구,잠실6동,2.79,60,16454,16713,98193.18721461187,3492,55275,43370.14999583333,661,5372,200,1571,66,635142.27,3272161.07,3281244.02,875,465,354
404,송파구,잠실7동,0.6,93,1829,9427,18210.93378995434,335,1259,9902.005368005952,661,3198,200,1571,66,20986.78,388835.27,389103.5,125,17,50
405,강동구,강일동,2.26,103,16089,33057,10479.470319634704,1443,5960,51949.693347023815,31,11638,200,76,66,363488.4,1647645.46,1644449.42,349,88,267
406,강동구,명일1동,0.61,488,13614,25641,14291.445205479453,2470,7262,26677.71573333333,253,6765,119,1050,61,195803.36,1096407.67,1093948.55,785,367,441
407,강동구,명일2동,0.97,314,6628,17327,12840.223744292238,1468,5403,16262.086667410715,152,4196,200,255,26,68068.7,625382.11,624243.03,373,190,425
408,강동구,고덕1동,1.51,648,11848,23919,3356.123287671233,1274,3072,25071.402082906432,324,6854,200,315,43,86969.27,681936.12,680177.71,280,98,187
409,강동구,고덕2동,2.5,1028,11651,22764,4626.310502283105,1063,3653,21136.337708482144,555,5589,200,426,35,75525.9,658616.4,655677.1799999999,304,152,194
410,강동구,암사1동,1.02,1807,11699,34271,2859.148401826484,2733,6272,28291.85940580357,1139,2790,247,5829,84,123050.66,1030532.62,1028028.16,687,337,315
411,강동구,암사2동,1.18,342,7056,15069,17914.14383561644,1200,3806,15207.569336309523,177,4139,16,855,27,63363.35,592595.35,591425.03,297,142,212
412,강동구,암사3동,2.51,293,8124,17481,3187.6826484018266,1132,2626,13617.942334375,209,4808,38,512,16,38506.97,511911.48,510907.62,407,61,183
413,강동구,천호1동,0.71,1327,9974,26670,12136.205479452055,2331,5974,31242.66237514881,1009,2612,388,3958,68,90902.59,1172994.57,1172716.06,585,262,255
414,강동구,천호2동,1.57,1673,16529,33825,10281.70091324201,4863,14840,46448.450950148814,1488,2641,189,4901,143,206681.28,1584903.17,1582500.67,1766,660,533
415,강동구,천호3동,0.79,1027,11090,26679,4394.267123287671,2545,9343,28478.05063854167,995,4651,204,2084,30,119631.66,1237026.49,1238076.66,709,367,291
416,강동구,성내1동,0.58,792,10876,19900,13992.659817351598,3082,17417,24452.40604228674,187,3288,317,2863,112,193392.26,1045588.25,1044156.29,856,354,341
417,강동구,성내2동,0.67,1278,7869,23528,52478.31050228311,2617,7288,25394.909002827382,1244,1775,124,2950,106,163590.01,1222057.3,1219164.69,673,369,298
418,강동구,성내3동,0.71,1241,10656,23071,4322.01598173516,3220,9494,28144.38641041667,573,2730,148,3151,83,257433.86000000002,1674728.11,1672441.4,918,534,469
419,강동구,길동,1.61,1734,17661,45374,16032.712328767124,5966,23814,57986.330171279755,830,8719,588,4492,147,574252.0,2925855.97,2922603.28,1404,830,667
420,강동구,둔촌2동,1.56,879,11512,24277,15249.349315068494,2063,9942,28290.498146875,543,5011,154,2187,67,212259.86,1143681.01,1141162.22,532,235,280
