"동별(1)",동별(2),동별(3),2021,2021,2021,2021,2021,2021,2021,2021,2021,2021,2021,2021,2021,2021,2021,2021,2021,2021,2021,2021,2021,2021,2021
"동별(1)",동별(2),동별(3),합계,합계,합계,합계,합계,1~4명,1~4명,5~9명,5~9명,10~19명,10~19명,20~49명,20~49명,50~99명,50~99명,100~299명,100~299명,300~499명,300~499명,500~999명,500~999명,1000명 이상,1000명 이상
"동별(1)",동별(2),동별(3),사업체수,사업체수,종사자수,종사자수,종사자수,사업체수,종사자수,사업체수,종사자수,사업체수,종사자수,사업체수,종사자수,사업체수,종사자수,사업체수,종사자수,사업체수,종사자수,사업체수,종사자수,사업체수,종사자수
"동별(1)",동별(2),동별(3),소계,여성대표자,소계,남,여,소계,소계,소계,소계,소계,소계,소계,소계,소계,소계,소계,소계,소계,소계,소계,소계,소계,소계
"합계",종로구,사직동,5035,1708,56013,28597,27416,3921,6699,623,3986,270,3604,126,3735,41,2818,22,3623,16,6209,5,3515,11,21824
"합계",종로구,삼청동,956,423,4978,2482,2496,773,1223,113,712,48,656,12,357,6,483,3,317,-,-,-,-,1,1230
"합계",종로구,부암동,894,416,3762,1665,2097,783,1162,63,386,25,316,18,541,3,187,1,191,-,-,1,979,-,-
"합계",종로구,평창동,1321,577,4321,2068,2253,1157,1711,94,578,35,467,25,707,8,538,2,320,-,-,-,-,-,-
"합계",종로구,무악동,761,176,1891,960,931,722,857,19,111,14,199,3,90,2,157,-,-,1,477,-,-,-,-
"합계",종로구,교남동,592,256,8371,4445,3926,488,750,52,342,34,430,11,297,3,191,-,-,1,374,1,744,2,5243
"합계",종로구,가회동,969,436,14180,10707,3473,805,1274,95,596,36,485,14,447,7,421,6,796,3,1118,1,875,2,8168
"합계",종로구,종로1.2.3.4가동,17286,5412,107067,63437,43630,14822,23368,1423,8982,562,7312,265,7744,95,6539,69,11037,25,9549,13,9336,12,23200
"합계",종로구,종로5.6가동,7972,2614,22872,14187,8685,7384,11823,388,2437,118,1543,53,1462,15,968,10,1721,1,352,2,1206,1,1360
"합계",종로구,이화동,1673,560,17365,6892,10473,1348,2355,181,1138,84,1103,38,1035,11,780,5,849,2,762,2,1166,2,8177
"합계",종로구,창신1동,2686,905,6266,3145,3121,2500,3883,123,744,37,478,18,512,7,533,1,116,-,-,-,-,-,-
"합계",종로구,창신2동,1062,384,2192,1074,1118,997,1579,44,257,15,191,5,115,1,50,-,-,-,-,-,-,-,-
"합계",종로구,창신3동,439,135,1128,556,572,408,570,18,126,6,84,5,163,1,62,1,123,-,-,-,-,-,-
"합계",종로구,숭인1동,736,285,1897,877,1020,629,1087,87,530,17,209,3,71,-,-,-,-,-,-,-,-,-,-
"합계",종로구,숭인2동,2267,709,6053,3028,3025,2070,3234,124,768,38,527,26,786,7,458,2,280,-,-,-,-,-,-
"합계",종로구,청운효자동,1477,703,7888,4616,3272,1287,1943,111,700,44,580,16,459,6,395,8,1115,2,831,3,1865,-,-
"합계",종로구,혜화동,2235,864,8819,4474,4345,1959,3033,168,1106,66,883,29,856,7,537,4,525,1,307,-,-,1,1572
"합계",중구,소공동,5107,1470,64308,37383,26925,3776,6846,707,4431,277,3656,174,5337,72,4989,66,11120,16,6156,10,6986,9,14787
"합계",중구,회현동,9246,4566,46229,25737,20492,8406,11582,447,2838,182,2421,116,3575,33,2175,39,6458,12,4516,5,3253,6,9411
"합계",중구,명동,8849,2615,110506,60602,49904,6858,11700,941,5964,474,6304,302,9105,119,8217,99,16644,29,10937,17,12882,10,28753
"합계",중구,필동,3600,957,24470,13533,10937,2942,5103,367,2295,153,1959,78,2314,28,1866,24,3978,4,1405,2,1269,2,4281
"합계",중구,장충동,1041,307,9357,5377,3980,786,1392,130,841,68,865,29,928,15,1002,9,1655,3,1198,-,-,1,1476
"합계",중구,광희동,9352,3247,34741,18166,16575,8526,13480,505,3111,183,2458,101,3020,18,1194,11,1756,3,1186,1,800,4,7736
"합계",중구,을지로동,9784,2277,31528,20582,10946,8930,14144,579,3559,176,2236,57,1652,17,1126,15,2714,6,1987,3,2105,1,2005
"합계",중구,신당5동,1552,646,4149,1892,2257,1387,2341,121,759,28,354,10,284,6,411,-,-,-,-,-,-,-,-
"합계",중구,황학동,2487,869,5992,3226,2766,2273,3395,150,929,43,544,17,492,1,53,2,279,1,300,-,-,-,-
"합계",중구,중림동,1340,471,9166,4521,4645,1065,1726,146,932,60,782,36,1169,19,1259,10,1732,3,979,1,587,-,-
"합계",중구,신당동,12136,6238,23988,11830,12158,11773,16784,257,1575,53,683,33,1028,8,590,7,1052,2,672,3,1604,-,-
"합계",중구,다산동,2023,728,8723,4270,4453,1730,3007,175,1139,67,836,36,1038,10,582,3,610,-,-,2,1511,-,-
"합계",중구,약수동,1210,458,4519,1980,2539,1094,1770,64,407,26,359,17,538,5,311,2,298,2,836,-,-,-,-
"합계",중구,청구동,1244,474,4497,2715,1782,1130,1840,74,473,20,284,13,391,2,131,4,693,-,-,1,685,-,-
"합계",중구,동화동,1337,471,4391,1968,2423,1124,1913,154,962,34,433,18,495,5,322,2,266,-,-,-,-,-,-
"합계",용산구,후암동,1367,547,4605,2441,2164,1249,1798,78,493,22,280,6,212,8,448,2,243,1,321,1,810,-,-
"합계",용산구,용산2가동,844,296,2129,1068,1061,770,1074,52,317,9,114,7,201,5,314,1,109,-,-,-,-,-,-
"합계",용산구,남영동,2245,774,18439,10069,8370,1809,3181,232,1437,93,1183,68,2060,14,886,18,3050,4,1549,7,5093,-,-
"합계",용산구,원효로2동,1564,423,7229,4687,2542,1340,1880,110,709,66,885,34,927,9,577,4,700,-,-,-,-,1,1551
"합계",용산구,효창동,702,242,2596,1373,1223,585,912,70,466,31,395,11,308,4,279,1,236,-,-,-,-,-,-
"합계",용산구,용문동,963,371,2159,1174,985,901,1367,39,244,15,201,6,191,1,53,1,103,-,-,-,-,-,-
"합계",용산구,이촌1동,1387,620,4107,1818,2289,1202,1768,121,773,41,500,16,398,4,283,3,385,-,-,-,-,-,-
"합계",용산구,이촌2동,558,215,1183,640,543,520,673,25,166,5,82,7,191,1,71,-,-,-,-,-,-,-,-
"합계",용산구,이태원1동,1871,754,6544,3241,3303,1663,2483,134,841,53,688,15,378,3,174,1,122,1,358,-,-,1,1500
"합계",용산구,이태원2동,1285,529,3282,1790,1492,1175,1727,77,479,20,253,7,189,5,295,-,-,1,339,-,-,-,-
"합계",용산구,서빙고동,777,276,6126,3836,2290,647,955,61,382,29,366,21,676,6,448,9,1396,2,788,2,1115,-,-
"합계",용산구,보광동,1155,463,2365,1316,1049,1091,1446,44,273,9,117,8,223,1,72,2,234,-,-,-,-,-,-
"합계",용산구,청파동,2186,807,9850,4880,4970,1933,3075,142,886,59,761,30,865,12,853,8,1535,1,406,-,-,1,1469
"합계",용산구,원효로1동,2634,738,12179,6557,5622,2174,3519,276,1770,118,1490,40,1134,19,1264,4,674,2,728,-,-,1,1600
"합계",용산구,한강로동,6669,1985,48562,28784,19778,5388,9080,709,4380,324,4211,140,4083,44,3200,45,7788,12,4316,3,2095,4,9409
"합계",용산구,한남동,3473,1414,21250,10640,10610,2704,4666,454,2872,191,2510,81,2318,23,1715,15,2514,1,375,2,1155,2,3125
"합계",성동구,왕십리2동,1232,502,2948,1409,1539,1100,1608,95,606,25,304,9,250,3,180,-,-,-,-,-,-,-,-
"합계",성동구,마장동,4030,1106,12518,8360,4158,3507,5676,390,2411,93,1168,22,571,13,921,3,478,1,340,1,953,-,-
"합계",성동구,사근동,1310,423,10537,4981,5556,1098,1809,135,830,53,693,12,359,4,261,3,367,-,-,3,1836,2,4382
"합계",성동구,행당1동,1578,602,9587,4400,5187,1315,2157,145,932,72,938,34,1091,5,330,5,898,1,311,-,-,1,2930
"합계",성동구,행당2동,1031,486,2412,1015,1397,934,1235,66,419,20,251,6,161,5,346,-,-,-,-,-,-,-,-
"합계",성동구,응봉동,682,288,1162,536,626,657,791,17,113,5,68,1,27,2,163,-,-,-,-,-,-,-,-
"합계",성동구,금호1가동,927,398,2416,1048,1368,818,1113,69,427,27,369,10,283,3,224,-,-,-,-,-,-,-,-
"합계",성동구,금호4가동,999,449,2294,1131,1163,912,1303,56,366,25,318,3,87,3,220,-,-,-,-,-,-,-,-
"합계",성동구,성수1가1동,2982,901,14473,8285,6188,2412,3688,309,1963,160,2108,70,2101,19,1317,9,1405,1,329,1,522,1,1040
"합계",성동구,성수1가2동,4784,1377,26199,16233,9966,3584,5835,657,4222,321,4198,162,4819,36,2353,21,3742,3,1030,-,-,-,-
"합계",성동구,성수2가1동,3557,1017,20402,12458,7944,2732,4254,439,2804,233,3029,104,3036,32,2321,13,1986,2,742,1,638,1,1592
"합계",성동구,성수2가3동,8853,2172,63385,38143,25242,6448,11219,1179,7632,686,9129,374,11096,105,7206,48,7641,6,2133,4,2270,3,5059
"합계",성동구,송정동,1005,301,2879,1645,1234,903,1281,65,393,22,266,8,236,5,304,2,399,-,-,-,-,-,-
"합계",성동구,용답동,2497,712,12834,8693,4141,2113,3728,273,1682,54,713,36,1011,9,626,6,1203,1,458,5,3413,-,-
"합계",성동구,왕십리도선동,3234,1302,11495,5284,6211,2744,4315,319,1982,104,1315,42,1314,18,1131,6,1105,1,333,-,-,-,-
"합계",성동구,금호2.3가동,1458,677,2963,1286,1677,1347,1843,80,511,22,269,7,199,2,141,-,-,-,-,-,-,-,-
"합계",성동구,옥수동,1506,734,4717,2071,2646,1333,1911,108,725,42,540,14,345,6,424,1,121,2,651,-,-,-,-
"합계",광진구,화양동,3072,1041,16195,8260,7935,2564,4079,363,2251,88,1121,33,981,15,1097,6,870,-,-,1,659,2,5137
"합계",광진구,군자동,2389,847,9834,5547,4287,2083,3108,186,1167,66,866,32,914,13,805,6,990,2,702,-,-,1,1282
"합계",광진구,중곡1동,2152,725,6363,3474,2889,1885,2908,178,1097,58,755,22,572,5,413,4,618,-,-,-,-,-,-
"합계",광진구,중곡2동,2350,922,7380,3874,3506,2049,3099,175,1093,82,1051,37,1008,3,230,3,409,1,490,-,-,-,-
"합계",광진구,중곡3동,1764,632,5019,2629,2390,1586,2368,127,804,26,340,19,575,4,332,1,150,1,450,-,-,-,-
"합계",광진구,중곡4동,1707,697,4257,2084,2173,1568,2304,82,506,33,428,17,499,7,520,-,-,-,-,-,-,-,-
"합계",광진구,능동,1214,439,6229,3428,2801,951,1455,146,947,77,991,29,913,4,262,5,679,1,435,1,547,-,-
"합계",광진구,구의1동,2623,934,7443,4018,3425,2385,3450,163,1022,38,489,23,685,10,677,2,453,2,667,-,-,-,-
"합계",광진구,구의2동,1929,730,5989,3123,2866,1714,2390,128,808,52,652,17,509,13,919,5,711,-,-,-,-,-,-
"합계",광진구,구의3동,3708,1222,16217,9466,6751,3190,4849,309,1962,125,1595,52,1581,13,849,14,2153,3,1154,1,905,1,1169
"합계",광진구,광장동,2180,842,14269,8961,5308,1832,2861,196,1240,96,1212,31,951,13,901,6,850,2,759,3,2227,1,3268
"합계",광진구,자양1동,2303,922,9645,5027,4618,2019,2975,184,1146,53,708,26,755,13,892,5,972,2,790,-,-,1,1407
"합계",광진구,자양2동,2196,728,7033,4080,2953,2006,2808,103,674,48,614,22,667,9,611,7,1061,-,-,1,598,-,-
"합계",광진구,자양3동,1922,780,7600,3651,3949,1637,2379,182,1187,60,807,26,711,8,529,7,1041,1,330,1,616,-,-
"합계",광진구,자양4동,2197,836,6234,3502,2732,1973,2879,143,898,56,702,18,535,3,200,3,653,1,367,-,-,-,-
"합계",동대문구,회기동,1293,504,10348,4835,5513,1110,1793,122,784,33,424,14,459,7,551,4,644,-,-,1,665,2,5028
"합계",동대문구,휘경1동,1285,513,3690,1799,1891,1141,1673,93,573,34,426,12,334,3,210,2,474,-,-,-,-,-,-
"합계",동대문구,휘경2동,1665,462,5457,2660,2797,1531,1927,80,516,26,325,12,361,13,948,2,329,-,-,-,-,1,1051
"합계",동대문구,청량리동,1909,694,8278,4347,3931,1681,2597,136,827,49,672,25,679,6,384,8,1395,3,1178,1,546,-,-
"합계",동대문구,용신동,6982,2228,30470,15892,14578,6058,9421,535,3357,208,2605,112,3253,31,2112,31,4466,3,1212,2,1325,2,2719
"합계",동대문구,제기동,5355,1836,13094,7788,5306,5013,7309,211,1342,75,969,43,1239,11,744,1,183,-,-,-,-,1,1308
"합계",동대문구,전농1동,3020,1185,7638,4102,3536,2774,4245,168,1024,51,645,16,445,7,575,4,704,-,-,-,-,-,-
"합계",동대문구,전농2동,1358,514,5460,2982,2478,1219,1663,87,536,29,374,13,388,8,539,1,156,-,-,-,-,1,1804
"합계",동대문구,답십리1동,3799,1186,9651,5267,4384,3505,4922,192,1212,67,827,22,621,6,358,6,1050,-,-,1,661,-,-
"합계",동대문구,답십리2동,2847,912,8207,4769,3438,2522,3858,209,1318,74,973,31,932,8,609,3,517,-,-,-,-,-,-
"합계",동대문구,장안1동,6654,2017,22326,12275,10051,5763,8848,535,3429,243,3028,72,2169,28,1967,11,1956,1,400,1,529,-,-
"합계",동대문구,장안2동,3956,1477,12725,6567,6158,3430,5240,320,1967,142,1709,43,1296,15,1099,4,557,1,336,1,521,-,-
"합계",동대문구,이문1동,1641,561,6654,3471,3183,1481,2063,96,595,38,515,19,535,3,224,2,344,1,321,-,-,1,2057
"합계",동대문구,이문2동,1049,391,2385,1351,1034,975,1299,45,303,19,239,7,196,1,79,2,269,-,-,-,-,-,-
"합계",중랑구,면목2동,2477,852,5975,3163,2812,2249,3408,145,894,64,743,11,327,7,451,1,152,-,-,-,-,-,-
"합계",중랑구,면목4동,2568,725,4971,3066,1905,2437,3021,82,507,35,439,11,298,1,68,1,111,-,-,1,527,-,-
"합계",중랑구,면목5동,1161,386,3336,2108,1228,1038,1545,79,504,32,397,7,206,2,138,2,227,1,319,-,-,-,-
"합계",중랑구,면목7동,1957,732,4800,2293,2507,1768,2725,121,743,46,558,17,439,5,335,-,-,-,-,-,-,-,-
"합계",중랑구,상봉1동,1952,612,6705,3438,3267,1734,2336,121,786,49,627,27,839,11,800,10,1317,-,-,-,-,-,-
"합계",중랑구,상봉2동,3344,1117,9431,4922,4509,2990,4358,224,1429,82,1010,36,967,7,513,4,773,1,381,-,-,-,-
"합계",중랑구,중화1동,1565,587,4476,2077,2399,1377,1904,126,789,40,534,12,387,7,434,3,428,-,-,-,-,-,-
"합계",중랑구,중화2동,2584,966,7044,4015,3029,2309,3313,189,1147,59,768,20,548,2,121,4,797,1,350,-,-,-,-
"합계",중랑구,묵1동,2326,847,6252,3085,3167,2082,2875,145,925,63,836,24,692,12,924,-,-,-,-,-,-,-,-
"합계",중랑구,묵2동,2393,778,4973,2697,2276,2244,3149,94,605,35,499,17,493,3,227,-,-,-,-,-,-,-,-
"합계",중랑구,망우3동,1507,525,4272,2033,2239,1326,1969,120,731,35,431,21,706,4,285,1,150,-,-,-,-,-,-
"합계",중랑구,신내1동,3257,1059,15420,8706,6714,2729,4011,290,1853,153,1969,57,1603,14,1003,8,1302,5,1868,-,-,1,1811
"합계",중랑구,신내2동,1556,600,7186,3319,3867,1388,1915,92,576,44,558,19,533,7,494,5,805,-,-,-,-,1,2305
"합계",중랑구,면목본동,3481,1336,7511,3485,4026,3238,4762,150,888,68,870,20,606,5,385,-,-,-,-,-,-,-,-
"합계",중랑구,면목3.8동,2776,1016,7878,4026,3852,2541,3687,142,912,66,855,17,456,6,438,2,415,-,-,2,1115,-,-
"합계",중랑구,망우본동,4406,1333,12914,6788,6126,3960,5592,264,1665,116,1441,35,1089,21,1531,10,1596,-,-,-,-,-,-
"합계",성북구,돈암1동,688,274,2087,1034,1053,609,768,46,296,18,247,10,297,4,302,1,177,-,-,-,-,-,-
"합계",성북구,돈암2동,909,421,2893,1103,1790,838,1050,42,281,16,220,10,297,2,159,-,-,-,-,1,886,-,-
"합계",성북구,안암동,1927,590,14353,7071,7282,1606,2630,203,1298,77,985,31,847,4,273,2,333,2,819,-,-,2,7168
"합계",성북구,보문동,1787,645,6720,3338,3382,1572,2400,131,819,53,677,16,497,10,649,2,396,2,682,1,600,-,-
"합계",성북구,정릉1동,1275,472,2752,1490,1262,1165,1631,80,506,19,249,9,229,2,137,-,-,-,-,-,-,-,-
"합계",성북구,정릉2동,1422,518,3344,1722,1622,1305,1684,78,502,21,262,11,322,6,461,1,113,-,-,-,-,-,-
"합계",성북구,정릉3동,1042,353,5404,2894,2510,930,1228,60,366,24,329,13,398,12,791,2,414,-,-,-,-,1,1878
"합계",성북구,정릉4동,1524,574,5018,2808,2210,1393,1901,101,628,13,156,8,264,4,266,3,380,-,-,2,1423,-,-
"합계",성북구,길음1동,1583,738,4419,1707,2712,1412,1912,110,694,37,486,16,462,4,321,4,544,-,-,-,-,-,-
"합계",성북구,길음2동,1696,792,5554,2051,3503,1527,2246,104,666,38,519,14,402,6,402,5,657,2,662,-,-,-,-
"합계",성북구,월곡1동,1841,693,5848,2868,2980,1615,2292,140,902,55,696,14,470,14,925,3,563,-,-,-,-,-,-
"합계",성북구,월곡2동,2162,789,11083,6191,4892,1895,2992,174,1123,53,677,25,730,5,334,4,560,3,958,2,1633,1,2076
"합계",성북구,장위1동,1532,571,3104,1498,1606,1420,1962,81,493,22,263,5,124,4,262,-,-,-,-,-,-,-,-
"합계",성북구,장위2동,1538,541,3865,1787,2078,1378,2087,123,744,20,258,11,344,5,327,1,105,-,-,-,-,-,-
"합계",성북구,장위3동,877,291,2429,1249,1180,775,1016,63,423,23,290,10,276,6,424,-,-,-,-,-,-,-,-
"합계",성북구,성북동,1790,793,6288,2831,3457,1532,2364,159,1016,59,748,27,829,10,705,3,626,-,-,-,-,-,-
"합계",성북구,삼선동,2507,1018,11157,5305,5852,2221,3280,186,1178,60,810,25,796,8,601,4,526,1,308,-,-,2,3658
"합계",성북구,동선동,2682,1106,10483,4459,6024,2285,3545,244,1543,93,1193,40,1198,15,1071,4,639,-,-,-,-,1,1294
"합계",성북구,종암동,2858,1121,8433,4095,4338,2562,3685,189,1227,66,816,25,703,10,683,5,698,-,-,1,621,-,-
"합계",성북구,석관동,3072,1093,8770,4774,3996,2788,3953,171,1089,55,748,45,1319,8,555,4,617,1,489,-,-,-,-
"합계",강북구,번1동,2486,949,10192,4230,5962,2126,3097,204,1292,74,970,49,1571,20,1251,12,1661,1,350,-,-,-,-
"합계",강북구,번2동,912,270,3732,2198,1534,808,1046,44,268,28,365,21,566,7,443,2,377,2,667,-,-,-,-
"합계",강북구,번3동,1126,337,3302,1804,1498,1011,1330,73,462,22,271,11,333,5,370,4,536,-,-,-,-,-,-
"합계",강북구,수유1동,2031,797,5815,2859,2956,1887,2777,88,545,26,324,17,544,9,746,4,879,-,-,-,-,-,-
"합계",강북구,수유2동,1828,642,4637,2251,2386,1659,2311,104,669,42,549,19,553,2,180,2,375,-,-,-,-,-,-
"합계",강북구,수유3동,3235,1257,9873,4641,5232,2872,4324,254,1601,74,985,25,727,8,572,1,206,-,-,-,-,1,1458
"합계",강북구,삼양동,1562,548,4104,1937,2167,1434,2019,89,577,21,279,8,248,7,514,3,467,-,-,-,-,-,-
"합계",강북구,미아동,2337,901,6971,3176,3795,2115,2969,134,846,46,586,31,976,7,520,2,283,2,791,-,-,-,-
"합계",강북구,송중동,3022,1190,8752,3755,4997,2634,3776,251,1590,88,1112,35,1081,11,797,3,396,-,-,-,-,-,-
"합계",강북구,송천동,2658,975,7730,3651,4079,2301,3481,261,1630,56,738,27,776,11,843,2,262,-,-,-,-,-,-
"합계",강북구,삼각산동,1405,605,2949,1233,1716,1293,1611,74,500,26,325,9,274,3,239,-,-,-,-,-,-,-,-
"합계",강북구,우이동,1557,574,5515,3384,2131,1405,1943,85,535,31,410,23,663,5,377,8,1587,-,-,-,-,-,-
"합계",강북구,인수동,2226,762,6650,3321,3329,2029,2736,114,728,42,570,26,793,8,456,6,756,-,-,1,611,-,-
"합계",도봉구,쌍문1동,1457,501,4787,2318,2469,1322,1767,82,529,30,369,8,227,10,723,4,498,-,-,1,674,-,-
"합계",도봉구,쌍문2동,1680,651,5781,3048,2733,1472,2150,117,749,56,727,26,769,6,440,2,420,-,-,1,526,-,-
"합계",도봉구,쌍문3동,1307,512,4323,1997,2326,1172,1660,85,507,33,426,12,371,2,157,1,140,1,314,1,748,-,-
"합계",도봉구,쌍문4동,907,355,2236,1069,1167,833,1076,46,286,17,217,5,131,5,424,1,102,-,-,-,-,-,-
"합계",도봉구,방학1동,2996,1201,13758,7382,6376,2648,3756,212,1345,82,1087,29,1007,10,688,11,1773,2,736,-,-,2,3366
"합계",도봉구,방학2동,1576,519,3226,1700,1526,1474,2111,75,478,16,204,7,210,4,223,-,-,-,-,-,-,-,-
"합계",도봉구,방학3동,1476,447,3861,2009,1852,1340,1676,79,492,37,455,10,356,9,691,1,191,-,-,-,-,-,-
"합계",도봉구,창1동,2141,699,4381,2296,2085,1984,2488,104,653,33,433,15,384,4,307,1,116,-,-,-,-,-,-
"합계",도봉구,창2동,2020,728,4978,2745,2233,1854,2546,105,688,34,422,21,607,4,305,2,410,-,-,-,-,-,-
"합계",도봉구,창3동,1241,453,2511,1209,1302,1157,1597,60,364,16,215,5,140,3,195,-,-,-,-,-,-,-,-
"합계",도봉구,창4동,1861,630,7981,4289,3692,1561,2370,190,1202,56,738,32,865,12,771,7,897,3,1138,-,-,-,-
"합계",도봉구,창5동,2547,780,7316,3748,3568,2300,3173,144,905,54,707,31,885,12,729,6,917,-,-,-,-,-,-
"합계",도봉구,도봉1동,2147,758,6178,3529,2649,1946,2772,132,812,37,498,18,554,8,528,5,711,1,303,-,-,-,-
"합계",도봉구,도봉2동,2035,652,7780,4261,3519,1826,2541,122,762,48,649,19,520,9,700,8,1187,2,853,1,568,-,-
"합계",노원구,월계1동,1921,692,6647,3762,2885,1735,2522,120,747,40,538,14,392,6,447,5,786,-,-,-,-,1,1215
"합계",노원구,월계2동,1436,433,3961,2126,1835,1327,1687,57,360,25,322,14,409,11,778,1,101,1,304,-,-,-,-
"합계",노원구,월계3동,1536,565,4525,2434,2091,1409,1837,75,477,26,343,16,507,6,407,4,954,-,-,-,-,-,-
"합계",노원구,공릉2동,2754,987,13078,6469,6609,2430,3422,199,1297,67,865,29,905,18,1324,7,1000,-,-,2,1520,2,2745
"합계",노원구,하계1동,1615,604,8965,4375,4590,1366,2091,138,878,62,800,23,691,15,1040,7,950,2,729,1,694,1,1092
"합계",노원구,하계2동,778,301,1687,760,927,720,870,35,235,16,213,5,165,1,79,1,125,-,-,-,-,-,-
"합계",노원구,중계본동,1724,708,5840,2767,3073,1515,2086,121,775,60,776,18,557,6,468,3,475,-,-,1,703,-,-
"합계",노원구,중계1동,1470,649,4522,1891,2631,1258,1784,136,881,52,664,17,523,4,279,3,391,-,-,-,-,-,-
"합계",노원구,중계4동,1410,557,4285,1843,2442,1252,1795,93,578,40,497,10,298,14,1015,1,102,-,-,-,-,-,-
"합계",노원구,상계1동,3934,1096,11608,6353,5255,3560,4663,220,1383,93,1212,41,1229,14,932,3,642,2,870,1,677,-,-
"합계",노원구,상계2동,3325,1399,11074,4866,6208,2842,4576,298,1870,124,1660,40,1089,14,978,7,901,-,-,-,-,-,-
"합계",노원구,상계5동,2755,956,6516,3250,3266,2582,3238,96,602,39,512,27,814,9,586,1,153,-,-,1,611,-,-
"합계",노원구,상계8동,824,381,1943,711,1232,772,1020,26,160,15,210,6,177,5,376,-,-,-,-,-,-,-,-
"합계",노원구,상계9동,1036,390,2848,1265,1583,933,1209,59,363,27,341,9,247,5,339,3,349,-,-,-,-,-,-
"합계",노원구,상계10동,818,309,2515,1467,1048,751,935,36,213,18,257,7,188,4,299,1,280,1,343,-,-,-,-
"합계",노원구,상계3.4동,1849,638,4821,2781,2040,1739,2202,64,421,29,412,7,214,5,348,3,542,2,682,-,-,-,-
"합계",노원구,상계6.7동,2685,1096,18222,6456,11766,2145,3164,277,1755,128,1715,86,2625,37,2469,8,1315,1,452,-,-,3,4727
"합계",노원구,중계2.3동,2047,863,5777,2548,3229,1841,2475,121,759,48,609,22,699,11,721,4,514,-,-,-,-,-,-
"합계",노원구,공릉1동,3992,1468,14564,7084,7480,3437,5012,338,2137,120,1568,67,2051,19,1348,9,1324,1,420,1,704,-,-
"합계",은평구,녹번동,3045,1126,13682,6829,6853,2665,3824,221,1397,83,1069,51,1463,14,1022,8,1263,2,806,-,-,1,2838
"합계",은평구,불광1동,2408,998,7000,2877,4123,2187,2985,131,822,57,767,19,662,9,621,4,555,-,-,1,588,-,-
"합계",은평구,갈현1동,2038,832,5306,2262,3044,1816,2607,151,951,47,625,20,571,3,236,-,-,1,316,-,-,-,-
"합계",은평구,갈현2동,2344,943,6776,2905,3871,2127,2974,136,862,45,612,16,454,15,1066,4,487,1,321,-,-,-,-
"합계",은평구,구산동,1996,729,6219,2713,3506,1833,2249,88,554,34,458,21,666,13,967,6,897,1,428,-,-,-,-
"합계",은평구,대조동,3363,1521,7968,3400,4568,3074,4274,175,1119,78,1013,25,745,9,609,2,208,-,-,-,-,-,-
"합계",은평구,응암1동,2605,1073,8853,4270,4583,2236,3269,232,1477,78,1015,41,1174,12,820,5,774,1,324,-,-,-,-
"합계",은평구,응암2동,1284,565,3096,1432,1664,1187,1541,60,383,23,324,10,283,2,131,1,103,1,331,-,-,-,-
"합계",은평구,신사1동,1986,770,5162,2739,2423,1796,2400,109,712,53,669,18,511,8,522,2,348,-,-,-,-,-,-
"합계",은평구,신사2동,2060,496,4261,2528,1733,1959,2274,51,320,25,344,13,363,9,591,3,369,-,-,-,-,-,-
"합계",은평구,증산동,1345,522,4363,2455,1908,1186,1680,100,648,28,373,23,645,3,196,5,821,-,-,-,-,-,-
"합계",은평구,수색동,791,299,2760,1772,988,720,991,30,196,23,273,11,354,3,240,4,706,-,-,-,-,-,-
"합계",은평구,진관동,3137,1371,13270,5815,7455,2686,3834,277,1779,112,1391,30,934,18,1265,13,2146,-,-,-,-,1,1921
"합계",은평구,불광2동,1924,818,4933,2217,2716,1762,2337,97,607,38,500,15,479,11,723,1,287,-,-,-,-,-,-
"합계",은평구,응암3동,2467,975,6002,2851,3151,2269,3151,130,799,39,525,20,589,6,464,3,474,-,-,-,-,-,-
"합계",은평구,역촌동,3716,1408,9380,4704,4676,3368,4593,226,1401,80,1070,30,1004,9,605,2,300,1,407,-,-,-,-
"합계",서대문구,천연동,1131,471,3259,1621,1638,1030,1509,59,370,21,279,14,441,5,360,2,300,-,-,-,-,-,-
"합계",서대문구,홍제1동,1548,640,5601,2928,2673,1348,2009,124,787,51,652,13,378,7,519,3,465,2,791,-,-,-,-
"합계",서대문구,홍제3동,1383,585,3882,1663,2219,1256,1813,80,504,31,400,7,186,6,385,2,255,1,339,-,-,-,-
"합계",서대문구,홍제2동,829,366,2259,1036,1223,747,1032,53,322,20,258,6,157,1,92,2,398,-,-,-,-,-,-
"합계",서대문구,홍은1동,1479,584,3187,1545,1642,1367,1830,70,445,29,365,9,288,4,259,-,-,-,-,-,-,-,-
"합계",서대문구,홍은2동,2077,724,6630,3640,2990,1907,2602,101,640,34,447,18,546,10,670,6,901,-,-,1,824,-,-
"합계",서대문구,남가좌1동,954,455,2718,1019,1699,830,1217,82,496,30,404,7,181,4,290,1,130,-,-,-,-,-,-
"합계",서대문구,남가좌2동,2044,839,5698,2775,2923,1853,2481,139,880,36,473,10,329,4,294,1,137,-,-,-,-,1,1104
"합계",서대문구,북가좌1동,1490,441,3745,2221,1524,1355,1606,81,499,27,359,18,477,6,478,3,326,-,-,-,-,-,-
"합계",서대문구,북가좌2동,2743,882,6468,3533,2935,2522,3284,144,882,53,689,17,478,2,144,4,573,1,418,-,-,-,-
"합계",서대문구,충현동,2995,902,23946,14380,9566,2527,3580,197,1238,106,1449,91,2784,28,1911,34,5219,7,2835,3,1568,2,3362
"합계",서대문구,북아현동,1154,503,2656,1238,1418,1063,1451,58,356,24,305,4,151,5,393,-,-,-,-,-,-,-,-
"합계",서대문구,신촌동,5275,2045,34964,14502,20462,4406,6775,546,3494,206,2730,75,2373,27,1798,6,938,3,1195,2,1847,4,13814
"합계",서대문구,연희동,3420,1350,13243,6696,6547,2985,4349,272,1760,98,1302,45,1520,9,602,8,1325,2,730,-,-,1,1655
"합계",마포구,용강동,4088,1215,23581,13655,9926,3370,5083,423,2662,156,2085,84,2408,29,1950,17,2868,4,1385,4,2614,1,2526
"합계",마포구,대흥동,1968,779,9808,4736,5072,1588,2483,214,1374,96,1309,55,1772,11,782,3,321,-,-,-,-,1,1767
"합계",마포구,염리동,1106,442,5256,2540,2716,932,1351,100,628,35,457,24,717,7,489,7,1232,1,382,-,-,-,-
"합계",마포구,신수동,2337,813,7126,3940,3186,2111,2933,125,792,52,712,35,1083,9,649,4,651,1,306,-,-,-,-
"합계",마포구,서교동,13024,4478,61160,30611,30549,10208,16488,1651,10463,734,9577,311,8833,79,5642,35,5991,3,1132,1,558,2,2476
"합계",마포구,합정동,4019,1377,13457,6885,6572,3464,4880,328,2055,143,1854,59,1734,18,1287,5,913,2,734,-,-,-,-
"합계",마포구,망원1동,2837,1055,6549,3603,2946,2593,3496,169,1051,50,645,18,592,4,270,3,495,-,-,-,-,-,-
"합계",마포구,망원2동,2043,795,4844,2593,2251,1853,2673,133,834,38,496,12,343,6,398,1,100,-,-,-,-,-,-
"합계",마포구,연남동,3103,1258,8438,4502,3936,2721,4122,266,1620,74,911,34,1017,7,458,-,-,1,310,-,-,-,-
"합계",마포구,성산1동,2506,813,11135,7138,3997,2091,3054,234,1497,92,1162,65,1946,15,957,5,766,3,971,1,782,-,-
"합계",마포구,성산2동,3376,1131,13659,6984,6675,3092,4149,181,1151,53,708,24,694,13,863,10,1554,-,-,1,861,2,3679
"합계",마포구,상암동,4109,1345,51381,29764,21617,2916,4900,552,3522,264,3455,199,5749,91,6406,59,9801,16,6149,8,5969,4,5430
"합계",마포구,도화동,3142,1076,17730,10111,7619,2612,4198,284,1826,120,1648,76,2334,27,1955,17,2696,3,1121,3,1952,-,-
"합계",마포구,서강동,2846,1084,10812,5883,4929,2513,3601,191,1240,87,1157,33,996,13,968,7,1161,1,378,-,-,1,1311
"합계",마포구,공덕동,3861,1334,21353,12529,8824,3401,5385,273,1757,104,1375,40,1136,16,1050,21,3492,2,713,3,2216,1,4229
"합계",마포구,아현동,2417,870,13499,7348,6151,1974,3135,248,1614,113,1472,47,1386,17,1145,12,2149,5,2028,1,570,-,-
"합계",양천구,목1동,3862,1580,23811,11833,11978,2888,5029,563,3633,247,3182,110,3321,28,2101,19,3259,5,1808,2,1478,-,-
"합계",양천구,목2동,1985,766,5297,2773,2524,1791,2436,122,774,44,579,18,565,7,479,3,464,-,-,-,-,-,-
"합계",양천구,목3동,1931,812,5170,2462,2708,1739,2398,119,769,43,549,22,600,5,327,3,527,-,-,-,-,-,-
"합계",양천구,목4동,1997,836,4562,2228,2334,1830,2558,112,705,28,381,23,635,3,175,1,108,-,-,-,-,-,-
"합계",양천구,신월1동,2238,847,5875,3382,2493,2039,2963,129,825,40,527,23,638,4,270,2,314,1,338,-,-,-,-
"합계",양천구,신월2동,1622,544,4847,3006,1841,1479,2102,86,560,37,493,11,306,6,445,1,130,2,811,-,-,-,-
"합계",양천구,신월3동,1462,408,5259,2963,2296,1287,1708,95,583,37,468,23,703,17,1236,3,561,-,-,-,-,-,-
"합계",양천구,신월4동,1605,511,3977,2219,1758,1461,1943,87,543,36,459,16,489,3,255,2,288,-,-,-,-,-,-
"합계",양천구,신월5동,1316,455,4437,2654,1783,1163,1643,107,675,27,367,11,305,5,398,2,345,-,-,1,704,-,-
"합계",양천구,신월6동,2061,415,3735,2431,1304,1961,2219,52,340,30,387,11,311,7,478,-,-,-,-,-,-,-,-
"합계",양천구,신월7동,1777,581,5684,3736,1948,1637,2275,82,513,29,426,17,470,4,249,7,1208,-,-,1,543,-,-
"합계",양천구,신정1동,1582,700,6150,3229,2921,1413,2055,98,615,39,471,18,512,8,561,3,375,2,944,1,617,-,-
"합계",양천구,신정2동,1560,656,4330,1904,2426,1375,2011,118,758,41,550,22,650,3,225,1,136,-,-,-,-,-,-
"합계",양천구,신정3동,3433,1050,10739,6290,4449,3115,4076,181,1150,62,828,48,1432,20,1398,5,1066,2,789,-,-,-,-
"합계",양천구,신정6동,1044,479,6577,2850,3727,872,1354,91,569,42,546,24,695,6,381,7,1225,1,405,-,-,1,1402
"합계",양천구,신정7동,1555,602,5264,2756,2508,1386,1956,99,639,41,524,18,551,7,473,3,642,1,479,-,-,-,-
"합계",양천구,목5동,2306,1084,10260,4101,6159,1957,2741,184,1162,102,1350,42,1207,13,928,7,1033,-,-,-,-,1,1839
"합계",양천구,신정4동,4593,1713,17802,9405,8397,3997,5856,370,2366,120,1568,76,2272,16,1046,8,1562,2,615,4,2517,-,-
"합계",강서구,염창동,3097,1069,16227,9655,6572,2466,3595,339,2207,178,2338,76,2255,25,1813,8,1555,4,1515,1,949,-,-
"합계",강서구,등촌1동,2720,915,17753,10336,7417,2182,3378,293,1883,133,1695,73,2129,15,1088,17,2784,5,1827,-,-,2,2969
"합계",강서구,등촌2동,1211,425,3972,2160,1812,1100,1479,51,331,26,343,20,598,10,716,4,505,-,-,-,-,-,-
"합계",강서구,등촌3동,3261,1184,20336,9456,10880,2653,4034,293,1903,158,2132,94,2845,43,2954,13,2236,2,662,4,2454,1,1116
"합계",강서구,화곡본동,2177,809,4919,2360,2559,2026,2861,87,538,41,521,17,483,5,363,1,153,-,-,-,-,-,-
"합계",강서구,화곡2동,1283,449,2827,1483,1344,1192,1630,60,398,21,279,8,248,-,-,2,272,-,-,-,-,-,-
"합계",강서구,화곡3동,1690,692,4397,2157,2240,1506,2363,128,798,38,516,14,416,3,202,1,102,-,-,-,-,-,-
"합계",강서구,화곡4동,1928,711,4315,2233,2082,1782,2432,88,542,39,517,14,418,4,276,1,130,-,-,-,-,-,-
"합계",강서구,화곡6동,2456,875,12040,7019,5021,2100,3043,212,1349,74,948,43,1301,16,1137,6,1148,3,1371,1,527,1,1216
"합계",강서구,화곡8동,1748,727,4385,1983,2402,1601,2341,99,624,29,377,14,366,2,107,3,570,-,-,-,-,-,-
"합계",강서구,가양1동,9982,2898,70656,46720,23936,7777,12822,1365,8678,477,6274,226,6673,72,4913,44,7330,7,2770,7,4993,7,16203
"합계",강서구,가양2동,914,310,3352,1520,1832,775,1095,76,474,35,453,19,562,7,484,2,284,-,-,-,-,-,-
"합계",강서구,가양3동,1252,283,7941,4770,3171,913,1354,171,1107,97,1283,50,1431,14,1063,5,794,2,909,-,-,-,-
"합계",강서구,발산1동,6786,2277,32771,17722,15049,5486,8638,794,5090,294,3834,137,3976,47,3279,22,3406,2,694,3,2097,1,1757
"합계",강서구,공항동,2838,939,34394,17242,17152,2393,3441,245,1578,108,1427,54,1660,22,1459,7,1217,4,1526,-,-,5,22086
"합계",강서구,방화1동,3658,1373,11304,5756,5548,3245,4734,262,1655,92,1225,34,1036,17,1194,7,1029,1,431,-,-,-,-
"합계",강서구,방화2동,3860,934,16238,10384,5854,3498,4504,199,1255,78,1032,58,1804,13,939,8,1258,2,720,2,1198,2,3528
"합계",강서구,방화3동,1287,415,4689,2584,2105,1150,1537,70,465,35,456,20,629,7,442,3,412,2,748,-,-,-,-
"합계",강서구,화곡1동,4150,1573,10810,5590,5220,3692,5279,302,1909,101,1284,39,1109,12,726,4,503,-,-,-,-,-,-
"합계",강서구,우장산동,2508,1029,7147,3348,3799,2235,2976,170,1084,64,882,23,648,11,825,5,732,-,-,-,-,-,-
"합계",구로구,신도림동,3711,1268,15112,7839,7273,3140,5096,366,2346,121,1565,52,1432,19,1377,11,1825,-,-,2,1471,-,-
"합계",구로구,구로1동,1158,437,3235,1642,1593,1009,1362,105,648,29,373,10,264,2,164,3,424,-,-,-,-,-,-
"합계",구로구,구로3동,10885,2685,94712,59185,35527,7710,12314,1418,9297,841,11187,610,18038,185,12943,92,14644,16,6129,11,7644,2,2516
"합계",구로구,구로4동,2393,1079,6469,3264,3205,2180,3139,146,899,45,607,15,404,4,247,2,289,-,-,1,884,-,-
"합계",구로구,구로5동,5596,1553,28055,15752,12303,4894,6982,408,2625,127,1696,100,3042,36,2402,21,3758,8,3038,-,-,2,4512
"합계",구로구,고척1동,3188,973,10326,5823,4503,2812,4103,253,1585,71,947,32,918,10,699,7,935,3,1139,-,-,-,-
"합계",구로구,고척2동,2416,780,5276,2897,2379,2241,2977,110,708,42,521,14,371,8,539,1,160,-,-,-,-,-,-
"합계",구로구,개봉2동,1789,671,3901,1803,2098,1637,2158,114,743,26,362,8,245,3,189,1,204,-,-,-,-,-,-
"합계",구로구,개봉3동,1428,545,8477,4915,3562,1310,1712,67,425,24,307,18,472,6,422,2,294,-,-,-,-,1,4845
"합계",구로구,오류1동,1733,654,5168,2616,2552,1562,2156,98,638,50,665,13,377,5,353,5,979,-,-,-,-,-,-
"합계",구로구,수궁동,1801,573,6447,3783,2664,1579,2255,120,790,55,666,26,882,17,1265,4,589,-,-,-,-,-,-
"합계",구로구,가리봉동,1189,524,4248,2351,1897,1113,1467,49,309,9,118,9,246,3,200,5,775,-,-,-,-,1,1133
"합계",구로구,구로2동,9656,2167,31811,19132,12679,8570,14527,807,4945,188,2373,63,1831,16,1093,8,1392,2,720,-,-,2,4930
"합계",구로구,개봉1동,2540,992,6162,2956,3206,2317,3152,148,949,45,544,21,619,5,367,4,531,-,-,-,-,-,-
"합계",구로구,오류2동,2420,903,8474,4778,3696,2169,2868,139,875,53,702,34,987,16,1060,7,1143,2,839,-,-,-,-
"합계",구로구,항동,888,357,2816,1331,1485,785,1036,61,383,26,348,10,267,4,287,1,105,1,390,-,-,-,-
"합계",금천구,가산동,25043,6088,182376,117098,65278,17832,29965,3664,23812,1972,25985,1100,31970,284,19203,150,23476,22,8221,11,7476,8,12268
"합계",금천구,독산1동,5608,1799,24752,14667,10085,4498,6790,665,4234,259,3501,122,3535,43,3097,20,3164,1,431,-,-,-,-
"합계",금천구,독산2동,1531,562,4184,2337,1847,1398,1931,92,578,26,318,8,225,5,399,1,156,-,-,1,577,-,-
"합계",금천구,독산3동,2677,991,6887,3462,3425,2438,3482,162,1034,42,543,19,532,13,908,3,388,-,-,-,-,-,-
"합계",금천구,독산4동,1385,530,3457,1886,1571,1267,1877,71,461,31,398,11,367,4,233,1,121,-,-,-,-,-,-
"합계",금천구,시흥1동,4103,1586,15341,7434,7907,3661,5128,257,1644,113,1487,45,1366,18,1296,4,735,2,688,1,665,2,2332
"합계",금천구,시흥2동,1090,397,2778,1323,1455,1007,1306,48,309,20,285,6,149,8,579,1,150,-,-,-,-,-,-
"합계",금천구,시흥3동,3839,744,9592,6720,2872,3489,5776,268,1629,52,673,19,504,7,490,4,520,-,-,-,-,-,-
"합계",금천구,시흥4동,1171,427,2350,1094,1256,1092,1400,56,344,15,190,4,131,4,285,-,-,-,-,-,-,-,-
"합계",금천구,시흥5동,1517,576,3732,1998,1734,1416,1865,67,402,17,210,11,319,5,340,-,-,-,-,1,596,-,-
"합계",영등포구,여의동,15940,4916,192014,114536,77478,12361,18920,1694,10796,946,12353,495,14688,193,13424,152,26087,42,15695,30,19710,27,60341
"합계",영등포구,당산1동,5494,1695,24326,13574,10752,4917,6797,340,2093,119,1512,69,2136,23,1561,17,3108,4,1665,3,2338,2,3116
"합계",영등포구,당산2동,4485,1387,29031,19238,9793,3634,5550,468,2950,207,2678,112,3425,37,2555,18,2909,5,1815,3,1708,1,5441
"합계",영등포구,양평1동,4862,1046,25006,15517,9489,4127,5549,382,2431,181,2340,103,3038,40,2784,22,3614,2,881,3,1667,2,2702
"합계",영등포구,양평2동,3692,1069,23744,14084,9660,2856,4440,451,2891,214,2775,111,3341,32,2191,21,3310,2,794,3,1933,2,2069
"합계",영등포구,신길1동,1492,572,4556,1958,2598,1354,1992,84,518,30,391,18,528,3,210,2,354,-,-,1,563,-,-
"합계",영등포구,신길3동,1274,485,2701,1361,1340,1173,1593,63,410,28,352,7,159,3,187,-,-,-,-,-,-,-,-
"합계",영등포구,신길4동,620,213,1455,683,772,580,707,21,133,7,81,6,177,6,357,-,-,-,-,-,-,-,-
"합계",영등포구,신길5동,721,256,2192,1186,1006,641,925,50,306,15,197,11,321,3,258,1,185,-,-,-,-,-,-
"합계",영등포구,신길6동,1659,712,5235,2401,2834,1459,2141,132,846,42,549,14,423,6,352,6,924,-,-,-,-,-,-
"합계",영등포구,신길7동,996,377,3511,1772,1739,879,1291,74,455,24,327,11,342,4,292,4,804,-,-,-,-,-,-
"합계",영등포구,대림1동,1472,575,4850,2014,2836,1340,1777,83,537,37,461,6,208,4,236,-,-,1,309,-,-,1,1322
"합계",영등포구,대림2동,2049,896,4876,2581,2295,1926,2703,90,582,22,304,4,121,3,177,3,588,1,401,-,-,-,-
"합계",영등포구,대림3동,3310,1048,10073,5778,4295,2982,4175,200,1225,79,1016,28,798,15,1020,4,588,1,451,1,800,-,-
"합계",영등포구,영등포본동,1924,772,6381,3177,3204,1713,2591,127,814,47,622,18,482,14,986,5,886,-,-,-,-,-,-
"합계",영등포구,영등포동,14943,4061,41886,24458,17428,13822,17597,648,4059,265,3433,125,3660,40,2760,32,5278,8,2800,2,1299,1,1000
"합계",영등포구,도림동,1707,566,3580,2050,1530,1571,2121,90,576,31,378,13,360,2,145,-,-,-,-,-,-,-,-
"합계",영등포구,문래동,7922,1983,49600,26805,22795,6429,10188,827,5265,360,4688,185,5548,59,4085,42,6247,9,3549,7,4184,4,5846
"합계",동작구,노량진2동,2011,726,6809,3556,3253,1854,2864,94,595,31,401,23,761,5,354,3,340,-,-,-,-,1,1494
"합계",동작구,상도1동,2616,1004,9396,4792,4604,2297,3344,207,1307,70,853,29,843,8,628,4,613,-,-,-,-,1,1808
"합계",동작구,상도2동,1855,797,5790,2650,3140,1605,2351,167,1059,60,787,14,379,5,325,3,566,1,323,-,-,-,-
"합계",동작구,상도3동,1613,670,3766,1658,2108,1474,2009,87,535,34,439,13,372,3,197,2,214,-,-,-,-,-,-
"합계",동작구,상도4동,1614,589,3516,1686,1830,1510,2048,67,413,19,263,13,390,4,302,1,100,-,-,-,-,-,-
"합계",동작구,사당1동,2463,942,10779,5376,5403,2039,3158,257,1640,83,1087,57,1770,15,1071,11,1655,1,398,-,-,-,-
"합계",동작구,사당3동,1470,574,4960,2672,2288,1302,1827,116,714,33,442,10,270,5,353,2,447,1,335,1,572,-,-
"합계",동작구,사당4동,963,349,2159,1047,1112,888,1259,52,332,16,216,4,130,3,222,-,-,-,-,-,-,-,-
"합계",동작구,사당5동,910,346,2034,1092,942,837,1100,46,301,19,261,5,152,3,220,-,-,-,-,-,-,-,-
"합계",동작구,대방동,2475,975,12300,6686,5614,2070,3031,241,1534,83,1058,44,1316,23,1526,11,1971,1,485,2,1379,-,-
"합계",동작구,신대방1동,1453,583,3806,1984,1822,1325,1787,75,480,33,434,12,345,4,273,4,487,-,-,-,-,-,-
"합계",동작구,신대방2동,1810,662,18775,9874,8901,1464,2207,151,940,93,1252,44,1360,31,2109,18,2791,3,1264,4,2944,2,3908
"합계",동작구,흑석동,2136,943,11037,4739,6298,1897,2783,147,917,61,772,18,512,8,556,2,211,-,-,1,615,2,4671
"합계",동작구,노량진1동,2367,923,7337,3698,3639,2092,3041,163,1055,79,1011,24,721,5,356,2,345,2,808,-,-,-,-
"합계",동작구,사당2동,2159,881,6817,3127,3690,1902,3121,174,1116,56,708,21,672,2,128,3,510,-,-,1,562,-,-
"합계",관악구,보라매동,2025,772,6990,3615,3375,1830,2525,100,630,55,724,20,646,14,966,4,685,2,814,-,-,-,-
"합계",관악구,청림동,729,310,1615,763,852,662,920,48,309,12,155,6,170,1,61,-,-,-,-,-,-,-,-
"합계",관악구,행운동,2060,829,7295,3321,3974,1819,2587,149,949,53,689,22,654,15,1094,1,117,-,-,-,-,1,1205
"합계",관악구,낙성대동,1997,654,8919,4923,3996,1637,2564,224,1381,82,1086,30,953,15,1132,7,1057,2,746,-,-,-,-
"합계",관악구,중앙동,1658,644,6950,4066,2884,1426,2080,144,912,52,681,22,633,10,682,2,223,1,321,-,-,1,1418
"합계",관악구,인헌동,1609,599,4684,2553,2131,1462,2134,86,541,34,446,15,418,8,576,4,569,-,-,-,-,-,-
"합계",관악구,남현동,1442,527,5853,3334,2519,1235,1807,122,764,50,674,20,546,7,461,8,1601,-,-,-,-,-,-
"합계",관악구,서원동,1911,769,8436,4091,4345,1643,2433,175,1115,54,706,23,766,9,551,4,797,1,393,1,596,1,1079
"합계",관악구,신원동,1172,448,2777,1411,1366,1097,1468,51,313,13,162,6,160,3,268,2,406,-,-,-,-,-,-
"합계",관악구,서림동,1644,460,3444,2138,1306,1531,2025,80,499,22,274,4,96,6,444,1,106,-,-,-,-,-,-
"합계",관악구,신사동,2088,732,4914,2655,2259,1895,2642,126,793,41,533,20,539,5,294,1,113,-,-,-,-,-,-
"합계",관악구,신림동,2385,936,6024,3098,2926,2103,3138,195,1229,71,932,13,362,2,146,1,217,-,-,-,-,-,-
"합계",관악구,난향동,734,287,2130,1075,1055,669,887,39,255,13,176,7,176,3,215,3,421,-,-,-,-,-,-
"합계",관악구,조원동,2707,861,7336,4298,3038,2404,3363,202,1268,58,751,33,958,6,418,4,578,-,-,-,-,-,-
"합계",관악구,대학동,2179,753,14916,8388,6528,1867,2700,194,1213,63,785,36,1072,11,724,6,776,1,420,-,-,1,7226
"합계",관악구,은천동,2434,855,7925,4245,3680,2181,3130,152,968,48,629,33,939,13,925,6,1018,1,316,-,-,-,-
"합계",관악구,성현동,1328,459,3238,1602,1636,1231,1636,65,421,14,191,10,273,6,461,2,256,-,-,-,-,-,-
"합계",관악구,청룡동,2742,1023,12505,6631,5874,2362,3471,219,1410,95,1232,39,1092,14,963,10,1570,1,448,1,594,1,1725
"합계",관악구,난곡동,1485,487,3215,1610,1605,1381,1820,68,417,24,318,7,244,5,416,-,-,-,-,-,-,-,-
"합계",관악구,삼성동,1368,460,3064,1433,1631,1297,1628,39,242,11,130,13,403,7,444,1,217,-,-,-,-,-,-
"합계",관악구,미성동,2218,776,6187,3142,3045,1975,2775,156,969,50,665,21,577,15,1031,1,170,-,-,-,-,-,-
"합계",서초구,서초1동,5686,1552,42507,25455,17052,4436,6854,647,4154,331,4318,157,4605,70,4833,29,4392,11,4147,2,1728,3,7476
"합계",서초구,서초2동,8772,2645,71566,43759,27807,7247,10973,764,4893,374,4954,218,6631,88,5939,54,8901,14,5580,5,3570,8,20125
"합계",서초구,서초3동,12046,3054,84922,51882,33040,9265,15208,1479,9484,700,9306,367,10773,127,8992,84,14199,13,5088,6,5104,5,6768
"합계",서초구,서초4동,4302,1415,31706,15601,16105,3107,5513,625,4027,320,4161,166,4974,49,3466,29,4895,3,1177,1,519,2,2974
"합계",서초구,잠원동,3812,1298,20974,12736,8238,3177,5317,357,2264,159,2051,82,2245,19,1306,11,1976,4,1611,2,1430,1,2774
"합계",서초구,반포본동,374,203,1286,598,688,340,456,16,100,7,87,4,94,6,441,1,108,-,-,-,-,-,-
"합계",서초구,반포1동,2593,993,13146,7270,5876,2127,3386,292,1913,103,1363,44,1260,14,1091,11,1783,-,-,1,605,1,1745
"합계",서초구,반포2동,539,268,2333,967,1366,454,624,40,246,29,397,9,312,4,335,3,419,-,-,-,-,-,-
"합계",서초구,반포3동,1392,692,7458,3837,3621,1185,1837,115,746,57,757,24,655,1,73,7,1051,1,455,1,860,1,1024
"합계",서초구,반포4동,4459,2058,30539,14893,15646,3533,6031,502,3217,261,3417,106,3226,28,1841,17,2588,6,2169,5,3481,1,4569
"합계",서초구,방배본동,2459,966,10660,6040,4620,2108,3200,199,1277,76,961,38,1098,24,1555,13,2269,1,300,-,-,-,-
"합계",서초구,방배1동,2468,875,17090,10431,6659,1935,2902,303,1957,127,1692,68,2026,21,1412,8,1477,2,753,2,1365,2,3506
"합계",서초구,방배2동,2784,948,17750,9361,8389,2299,3473,286,1860,102,1371,61,1819,25,1800,4,823,1,356,3,2312,3,3936
"합계",서초구,방배3동,1983,625,13217,8795,4422,1627,2285,181,1154,78,1065,50,1510,26,1822,18,2796,1,476,1,789,1,1320
"합계",서초구,방배4동,3223,1145,14236,7733,6503,2599,4141,353,2282,156,2035,80,2302,25,1718,10,1758,-,-,-,-,-,-
"합계",서초구,양재1동,5646,1705,47376,29642,17734,4303,6803,688,4361,340,4510,192,5826,60,3925,42,7228,12,4653,5,3314,4,6756
"합계",서초구,양재2동,7927,2122,51408,35242,16166,6531,9942,784,4984,353,4617,145,4391,57,4089,37,6291,9,3498,7,4235,4,9361
"합계",서초구,내곡동,1493,502,9802,5842,3960,1250,1890,130,840,54,714,30,821,12,910,12,1731,3,1286,2,1610,-,-
"합계",강남구,신사동,6143,2263,28917,13842,15075,4639,8336,909,5778,377,4935,163,4762,39,2462,15,2287,1,357,-,-,-,-
"합계",강남구,논현1동,8395,2579,48548,26034,22514,6414,10954,1097,7008,496,6498,243,7221,92,6357,47,8088,5,1861,1,561,-,-
"합계",강남구,논현2동,9228,2722,71748,42342,29406,6705,11539,1303,8322,608,7909,388,11399,125,8401,81,13029,7,2533,8,5176,3,3440
"합계",강남구,삼성1동,7353,2178,73562,42206,31356,5371,8895,969,6251,473,6215,312,9298,115,8063,80,13376,18,6383,9,6283,6,8798
"합계",강남구,삼성2동,6267,1867,48407,26711,21696,4930,7897,657,4178,344,4433,219,6527,61,4268,44,7499,8,3138,1,516,3,9951
"합계",강남구,대치1동,1406,622,7459,3372,4087,1097,1773,143,939,103,1351,47,1260,10,669,4,487,1,421,1,559,-,-
"합계",강남구,대치4동,5882,2062,37270,22053,15217,4713,7939,654,4158,275,3654,152,4537,44,3089,35,5547,5,1809,2,1841,2,4696
"합계",강남구,역삼1동,22326,6116,176153,102888,73265,16934,28300,2762,17422,1311,17285,796,23264,295,20189,169,28048,30,12207,19,13597,10,15841
"합계",강남구,역삼2동,6033,1808,45149,25392,19757,4540,7622,733,4680,362,4802,251,7431,83,5747,54,8543,3,1132,6,4032,1,1160
"합계",강남구,도곡1동,2616,854,18547,10389,8158,2090,3245,272,1697,116,1506,88,2616,33,2290,11,1648,2,717,2,1206,2,3622
"합계",강남구,도곡2동,2990,1117,21648,12213,9435,2282,3669,352,2258,193,2507,98,2814,35,2376,22,3543,5,2031,2,1168,1,1282
"합계",강남구,개포1동,279,110,1251,920,331,255,322,14,97,4,60,3,76,1,90,1,231,1,375,-,-,-,-
"합계",강남구,개포4동,2900,882,12667,8013,4654,2354,3849,332,2108,138,1812,52,1487,16,1129,6,956,1,397,1,929,-,-
"합계",강남구,일원본동,732,347,10021,2769,7252,606,857,61,398,37,498,19,582,5,400,3,459,-,-,-,-,1,6827
"합계",강남구,일원1동,1708,436,6381,3884,2497,1518,2149,108,669,46,605,16,522,11,755,8,1366,1,315,-,-,-,-
"합계",강남구,일원2동,863,309,10440,7079,3361,732,1093,56,375,36,487,22,616,2,117,6,1032,3,1190,4,2651,2,2879
"합계",강남구,수서동,2229,585,18865,10415,8450,1724,3059,274,1773,118,1577,61,1989,23,1585,18,2911,7,2636,3,1792,1,1543
"합계",강남구,세곡동,2466,907,9881,5682,4199,2079,3083,225,1419,87,1108,49,1536,16,1117,9,1251,1,367,-,-,-,-
"합계",강남구,압구정동,5978,2244,36485,16451,20034,4326,7581,955,6119,416,5448,195,5683,66,4497,14,2123,3,1041,2,1936,1,2057
"합계",강남구,청담동,7024,2846,43117,21242,21875,5396,9445,893,5677,399,5216,218,6355,75,5238,35,5839,5,1956,1,700,2,2691
"합계",강남구,대치2동,5880,1972,70537,42165,28372,4470,7016,623,3984,349,4611,261,7914,71,5070,74,12014,17,6297,9,6662,6,16969
"합계",강남구,개포2동,1309,627,4366,1747,2619,1165,1745,83,530,29,377,20,625,7,519,5,570,-,-,-,-,-,-
"합계",송파구,풍납1동,946,343,2522,1226,1296,873,1128,36,234,18,236,11,380,8,544,-,-,-,-,-,-,-,-
"합계",송파구,풍납2동,1772,535,16405,6478,9927,1515,2089,140,908,65,885,34,1050,6,417,9,1146,2,624,-,-,1,9286
"합계",송파구,거여1동,1228,471,3504,1664,1840,1099,1520,78,503,24,325,19,564,7,484,1,108,-,-,-,-,-,-
"합계",송파구,거여2동,1225,438,4647,2116,2531,1068,1514,97,610,34,452,15,480,7,492,2,339,2,760,-,-,-,-
"합계",송파구,마천1동,1419,476,3006,1756,1250,1345,1694,44,295,14,185,13,373,2,153,-,-,1,306,-,-,-,-
"합계",송파구,마천2동,1796,659,4727,2575,2152,1650,2292,90,564,35,461,8,295,11,798,2,317,-,-,-,-,-,-
"합계",송파구,방이1동,1963,732,8979,5186,3793,1605,2489,214,1368,76,985,42,1306,21,1356,3,573,2,902,-,-,-,-
"합계",송파구,방이2동,5121,1788,21736,13286,8450,4307,6544,511,3285,174,2241,82,2396,29,1892,14,2361,2,769,-,-,2,2248
"합계",송파구,오륜동,728,319,4992,2643,2349,581,849,84,548,35,465,15,460,5,390,4,507,3,1210,1,563,-,-
"합계",송파구,오금동,3613,1201,19900,12109,7791,3133,4481,263,1670,125,1643,55,1555,22,1521,8,1279,2,731,1,892,4,6128
"합계",송파구,송파1동,3406,1188,16572,10167,6405,2926,4297,290,1866,113,1459,45,1396,19,1426,8,1237,2,850,2,1516,1,2525
"합계",송파구,송파2동,1257,548,3951,1938,2013,1131,1639,72,459,29,375,15,451,8,638,2,389,-,-,-,-,-,-
"합계",송파구,석촌동,4113,1535,17243,9852,7391,3507,5480,357,2252,137,1822,77,2284,19,1243,13,2166,1,478,2,1518,-,-
"합계",송파구,삼전동,2884,1074,12315,7867,4448,2458,3657,254,1592,95,1291,56,1683,8,553,11,1592,1,338,-,-,1,1609
"합계",송파구,가락본동,5069,1528,28151,17926,10225,4220,6766,485,3051,171,2282,109,3458,45,3021,30,4632,5,2257,4,2684,-,-
"합계",송파구,가락1동,3791,1129,12367,8184,4183,3270,6401,407,2470,80,969,17,486,12,924,4,666,1,451,-,-,-,-
"합계",송파구,가락2동,3155,1105,11544,6635,4909,2732,3832,249,1607,96,1277,54,1536,12,913,9,1398,3,981,-,-,-,-
"합계",송파구,문정1동,1988,684,6841,4160,2681,1689,2563,178,1118,72,970,37,1090,8,491,4,609,-,-,-,-,-,-
"합계",송파구,문정2동,13813,3560,93614,66828,26786,10872,16846,1610,10202,702,9207,393,11617,132,9098,76,12620,11,4235,14,9896,3,9893
"합계",송파구,잠실본동,4300,1527,21755,13913,7842,3549,5947,449,2873,181,2333,79,2289,19,1358,17,2351,2,695,2,1267,2,2642
"합계",송파구,잠실4동,633,293,1906,693,1213,545,850,61,398,20,248,4,149,3,261,-,-,-,-,-,-,-,-
"합계",송파구,잠실6동,3492,1155,55275,32402,22873,2673,4108,398,2579,199,2655,126,3853,34,2360,39,6693,10,3763,9,6915,4,22349
"합계",송파구,잠실7동,335,174,1259,547,712,301,417,14,81,10,133,3,106,6,419,1,103,-,-,-,-,-,-
"합계",송파구,잠실2동,1137,586,4639,2112,2527,983,1523,96,596,33,421,11,291,7,560,7,1248,-,-,-,-,-,-
"합계",송파구,잠실3동,2115,1083,8502,3473,5029,1810,2831,181,1142,84,1104,27,787,8,549,3,712,1,348,-,-,1,1029
"합계",송파구,장지동,1968,679,9283,6176,3107,1724,2330,136,880,43,553,34,1075,16,1200,12,1952,2,664,1,629,-,-
"합계",송파구,위례동,1264,590,5146,2676,2470,1084,1548,105,665,44,574,22,649,1,90,6,888,2,732,-,-,-,-
"합계",강동구,명일1동,2470,1091,7262,2989,4273,2244,3159,124,774,62,835,26,725,9,624,4,636,-,-,1,509,-,-
"합계",강동구,명일2동,1468,641,5403,2496,2907,1178,1862,193,1281,73,928,15,416,7,497,2,419,-,-,-,-,-,-
"합계",강동구,고덕1동,1274,463,3072,1507,1565,1192,1521,46,291,16,216,13,387,3,206,4,451,-,-,-,-,-,-
"합계",강동구,고덕2동,1063,508,3653,1460,2193,927,1359,77,491,37,483,13,426,7,555,2,339,-,-,-,-,-,-
"합계",강동구,암사2동,1200,450,3806,1780,2026,1079,1559,70,439,33,437,8,225,7,519,2,232,1,395,-,-,-,-
"합계",강동구,암사3동,1132,452,2626,1334,1292,1065,1457,34,211,18,238,9,256,5,324,1,140,-,-,-,-,-,-
"합계",강동구,천호1동,2331,784,5974,3124,2850,2134,2961,116,753,48,618,20,612,11,738,2,292,-,-,-,-,-,-
"합계",강동구,천호3동,2545,929,9343,5064,4279,2295,3193,136,846,61,790,30,907,12,786,8,1216,1,304,2,1301,-,-
"합계",강동구,성내1동,3082,943,17417,9452,7965,2629,4033,220,1380,130,1691,66,2022,18,1280,13,2252,3,1064,1,516,2,3179
"합계",강동구,성내2동,2617,961,7288,3795,3493,2355,3347,161,1046,54,696,31,915,14,1038,2,246,-,-,-,-,-,-
"합계",강동구,성내3동,3220,1249,9494,4962,4532,2830,4326,242,1537,98,1240,36,1087,11,767,3,537,-,-,-,-,-,-
"합계",강동구,둔촌1동,36,6,286,173,113,27,44,5,33,2,29,-,-,1,65,1,115,-,-,-,-,-,-
"합계",강동구,둔촌2동,2063,735,9942,4794,5148,1787,2629,170,1121,56,753,32,908,11,776,5,624,-,-,1,564,1,2567
"합계",강동구,암사1동,2733,980,6272,3040,3232,2563,3548,108,696,41,552,13,394,5,339,2,374,1,369,-,-,-,-
"합계",강동구,천호2동,4863,1774,14840,7434,7406,4331,6592,353,2218,115,1547,38,1088,14,887,11,1520,-,-,1,988,-,-
"합계",강동구,길동,5966,1989,23814,12083,11731,5292,7526,393,2483,168,2150,75,2247,17,1182,14,2619,2,643,3,2354,2,2610
"합계",강동구,강일동,1443,453,5960,3816,2144,1250,1678,131,840,31,388,14,409,10,784,4,601,3,1260,-,-,-,-
"합계",강동구,상일1동,1679,666,7035,2959,4076,1502,2067,94,598,40,522,24,744,15,1136,3,345,-,-,-,-,1,1623
"합계",강동구,상일2동,475,152,13978,11153,2825,375,497,46,297,20,287,17,520,7,502,4,665,-,-,2,1612,4,9598
