"동별(1)",동별(2),동별(3),2022. 12,2022. 12,2022. 12,2022. 12,2022. 12,2022. 12,2022. 12,2023. 01,2023. 01,2023. 01,2023. 01,2023. 01,2023. 01,2023. 01,2023. 02,2023. 02,2023. 02,2023. 02,2023. 02,2023. 02,2023. 02
"동별(1)",동별(2),동별(3),합계 (명),합계 (명),합계 (명),한국인,한국인,외국인,외국인,합계 (명),합계 (명),합계 (명),한국인,한국인,외국인,외국인,합계 (명),합계 (명),합계 (명),한국인,한국인,외국인,외국인
"동별(1)",동별(2),동별(3),소계,남자,여자,남자,여자,남자,여자,소계,남자,여자,남자,여자,남자,여자,소계,남자,여자,남자,여자,남자,여자
"합계",종로구,사직동,9355,4191,5164,4038,5049,153,115,9389,4209,5180,4064,5067,145,113,9377,4207,5170,4060,5060,147,110
"합계",종로구,삼청동,2642,1263,1379,1112,1219,151,160,2633,1260,1373,1110,1215,150,158,2626,1252,1374,1104,1218,148,156
"합계",종로구,부암동,9536,4545,4991,4382,4859,163,132,9491,4524,4967,4361,4837,163,130,9466,4499,4967,4340,4838,159,129
"합계",종로구,평창동,17858,8336,9522,8236,9427,100,95,17828,8323,9505,8224,9412,99,93,17793,8313,9480,8212,9390,101,90
"합계",종로구,무악동,8052,3720,4332,3708,4315,12,17,8042,3718,4324,3705,4307,13,17,8050,3711,4339,3698,4321,13,18
"합계",종로구,교남동,9994,4622,5372,4528,5288,94,84,9972,4601,5371,4506,5288,95,83,9957,4598,5359,4505,5278,93,81
"합계",종로구,가회동,4065,1881,2184,1821,2120,60,64,4084,1889,2195,1830,2132,59,63,4090,1904,2186,1845,2124,59,62
"합계",종로구,종로1.2.3.4가동,8700,5044,3656,4095,2633,949,1023,8687,5053,3634,4100,2632,953,1002,8653,5041,3612,4113,2647,928,965
"합계",종로구,종로5.6가동,5817,3064,2753,2797,2503,267,250,5823,3057,2766,2791,2518,266,248,5878,3085,2793,2837,2559,248,234
"합계",종로구,이화동,7631,3559,4072,3360,3741,199,331,7617,3564,4053,3363,3722,201,331,7662,3573,4089,3360,3736,213,353
"합계",종로구,창신1동,5383,2844,2539,2465,2181,379,358,5396,2851,2545,2468,2181,383,364,5397,2853,2544,2462,2175,391,369
"합계",종로구,창신2동,8796,4485,4311,3962,3744,523,567,8776,4474,4302,3948,3739,526,563,8780,4490,4290,3949,3733,541,557
"합계",종로구,창신3동,6606,3262,3344,3177,3272,85,72,6604,3259,3345,3173,3275,86,70,6612,3252,3360,3168,3291,84,69
"합계",종로구,숭인1동,6057,2889,3168,2783,2986,106,182,6064,2890,3174,2783,2992,107,182,6085,2902,3183,2785,2998,117,185
"합계",종로구,숭인2동,10509,5052,5457,4838,4969,214,488,10547,5068,5479,4847,4981,221,498,10545,5058,5487,4844,4981,214,506
"합계",종로구,청운효자동,11818,5448,6370,5347,6281,101,89,11791,5427,6364,5327,6273,100,91,11797,5425,6372,5325,6280,100,92
"합계",종로구,혜화동,19392,8775,10617,7746,8397,1029,2220,19254,8739,10515,7714,8338,1025,2177,19399,8814,10585,7792,8405,1022,2180
"합계",중구,소공동,3578,1807,1771,1075,1169,732,602,3576,1800,1776,1058,1163,742,613,3570,1800,1770,1062,1166,738,604
"합계",중구,회현동,5222,2694,2528,2352,2192,342,336,5206,2695,2511,2353,2184,342,327,5177,2681,2496,2337,2169,344,327
"합계",중구,명동,3638,1637,2001,1188,1551,449,450,3627,1625,2002,1178,1543,447,459,3616,1614,2002,1172,1556,442,446
"합계",중구,필동,4816,2439,2377,2064,1909,375,468,4803,2415,2388,2047,1899,368,489,4761,2401,2360,2046,1892,355,468
"합계",중구,장충동,5326,2765,2561,2406,2165,359,396,5300,2753,2547,2392,2151,361,396,5353,2799,2554,2426,2151,373,403
"합계",중구,광희동,6682,3291,3391,2627,2575,664,816,6713,3306,3407,2633,2590,673,817,6883,3416,3467,2727,2702,689,765
"합계",중구,을지로동,1912,1127,785,1018,643,109,142,1892,1123,769,1013,638,110,131,1919,1141,778,1021,653,120,125
"합계",중구,신당5동,10513,5091,5422,4948,5232,143,190,10499,5077,5422,4930,5232,147,190,10456,5054,5402,4909,5218,145,184
"합계",중구,황학동,13459,6338,7121,5986,6618,352,503,13500,6357,7143,6006,6634,351,509,13601,6412,7189,6060,6679,352,510
"합계",중구,중림동,12338,6129,6209,5966,6043,163,166,12325,6125,6200,5960,6045,165,155,12307,6117,6190,5954,6033,163,157
"합계",중구,신당동,9087,4367,4720,3749,3869,618,851,9070,4348,4722,3744,3866,604,856,9082,4347,4735,3740,3867,607,868
"합계",중구,다산동,13954,6720,7234,6524,6950,196,284,13947,6710,7237,6512,6956,198,281,13965,6724,7241,6524,6962,200,279
"합계",중구,약수동,16610,7702,8908,7594,8801,108,107,16590,7678,8912,7572,8804,106,108,16557,7651,8906,7549,8798,102,108
"합계",중구,청구동,13451,6375,7076,6253,6946,122,130,13412,6346,7066,6226,6935,120,131,13398,6337,7061,6220,6929,117,132
"합계",중구,동화동,10199,4895,5304,4813,5211,82,93,10233,4904,5329,4819,5234,85,95,10217,4896,5321,4810,5223,86,98
"합계",용산구,후암동,16812,8194,8618,7958,8363,236,255,16780,8183,8597,7945,8348,238,249,16789,8183,8606,7943,8351,240,255
"합계",용산구,용산2가동,10333,5062,5271,4364,4652,698,619,10333,5053,5280,4357,4667,696,613,10343,5061,5282,4365,4678,696,604
"합계",용산구,남영동,7552,4545,3007,4305,2795,240,212,7545,4531,3014,4286,2794,245,220,7540,4553,2987,4300,2775,253,212
"합계",용산구,원효로2동,13795,6499,7296,6453,7225,46,71,13805,6500,7305,6451,7235,49,70,13809,6503,7306,6455,7240,48,66
"합계",용산구,효창동,10888,5174,5714,5109,5634,65,80,10889,5177,5712,5111,5633,66,79,10884,5179,5705,5113,5630,66,75
"합계",용산구,용문동,11664,5585,6079,5542,6011,43,68,11631,5575,6056,5532,5987,43,69,11605,5556,6049,5513,5980,43,69
"합계",용산구,이촌1동,25707,12123,13584,11772,13298,351,286,25685,12111,13574,11760,13291,351,283,25661,12098,13563,11743,13279,355,284
"합계",용산구,이촌2동,8094,3774,4320,3747,4280,27,40,8102,3778,4324,3750,4282,28,42,8073,3767,4306,3741,4262,26,44
"합계",용산구,이태원1동,7947,4187,3760,3023,3094,1164,666,7925,4181,3744,3023,3089,1158,655,7925,4173,3752,3022,3102,1151,650
"합계",용산구,이태원2동,10427,4903,5524,4039,4692,864,832,10408,4900,5508,4031,4676,869,832,10394,4909,5485,4035,4650,874,835
"합계",용산구,서빙고동,13458,6501,6957,6058,6532,443,425,13450,6504,6946,6054,6519,450,427,13423,6482,6941,6029,6511,453,430
"합계",용산구,보광동,14060,7234,6826,6333,6382,901,444,14062,7244,6818,6341,6379,903,439,14040,7244,6796,6338,6354,906,442
"합계",용산구,청파동,19833,9135,10698,8916,10178,219,520,19824,9132,10692,8919,10184,213,508,19788,9105,10683,8893,10187,212,496
"합계",용산구,원효로1동,17774,8303,9471,7964,9180,339,291,17774,8313,9461,7969,9171,344,290,17788,8315,9473,7978,9183,337,290
"합계",용산구,한강로동,22886,10951,11935,10086,11157,865,778,22858,10935,11923,10065,11136,870,787,22798,10894,11904,10017,11110,877,794
"합계",용산구,한남동,22054,10842,11212,9418,10090,1424,1122,21969,10793,11176,9380,10047,1413,1129,21944,10795,11149,9375,10023,1420,1126
"합계",성동구,왕십리2동,16688,8018,8670,7851,8453,167,217,16679,8006,8673,7847,8460,159,213,16669,8016,8653,7855,8444,161,209
"합계",성동구,마장동,22706,11130,11576,10866,11168,264,408,22687,11130,11557,10859,11153,271,404,22664,11116,11548,10857,11157,259,391
"합계",성동구,사근동,14082,7029,7053,6272,5709,757,1344,14003,6991,7012,6234,5700,757,1312,13924,7001,6923,6285,5715,716,1208
"합계",성동구,행당1동,13996,6698,7298,6567,7109,131,189,13995,6700,7295,6573,7110,127,185,14000,6709,7291,6585,7115,124,176
"합계",성동구,행당2동,23148,10789,12359,10749,12307,40,52,23089,10767,12322,10730,12269,37,53,23063,10754,12309,10719,12256,35,53
"합계",성동구,응봉동,15100,7189,7911,7165,7882,24,29,15080,7168,7912,7145,7882,23,30,15052,7153,7899,7128,7869,25,30
"합계",성동구,금호1가동,15137,7220,7917,7187,7869,33,48,15107,7209,7898,7175,7849,34,49,15089,7198,7891,7164,7842,34,49
"합계",성동구,금호4가동,14228,6737,7491,6674,7424,63,67,14285,6764,7521,6701,7454,63,67,14299,6775,7524,6714,7463,61,61
"합계",성동구,성수1가1동,16407,8159,8248,7983,8106,176,142,16367,8137,8230,7962,8085,175,145,16210,8075,8135,7906,7998,169,137
"합계",성동구,성수1가2동,12322,6033,6289,5937,6186,96,103,12330,6024,6306,5929,6199,95,107,12354,6023,6331,5928,6221,95,110
"합계",성동구,성수2가1동,15716,8174,7542,7958,7298,216,244,15650,8135,7515,7923,7266,212,249,15568,8085,7483,7873,7236,212,247
"합계",성동구,성수2가3동,10520,5230,5290,5110,5181,120,109,10516,5230,5286,5111,5177,119,109,10495,5230,5265,5116,5147,114,118
"합계",성동구,송정동,10464,5534,4930,5334,4747,200,183,10421,5506,4915,5311,4726,195,189,10417,5503,4914,5311,4722,192,192
"합계",성동구,용답동,12551,6357,6194,6008,5642,349,552,12561,6362,6199,6015,5650,347,549,12611,6376,6235,6026,5685,350,550
"합계",성동구,왕십리도선동,26903,12657,14246,12454,13966,203,280,26880,12642,14238,12442,13960,200,278,26869,12626,14243,12433,13968,193,275
"합계",성동구,금호2.3가동,22423,10713,11710,10635,11618,78,92,22397,10694,11703,10618,11610,76,93,22372,10687,11685,10610,11592,77,93
"합계",성동구,옥수동,25843,12024,13819,11883,13702,141,117,25846,12012,13834,11867,13715,145,119,25791,11992,13799,11851,13683,141,116
"합계",광진구,화양동,27082,12379,14703,11141,12296,1238,2407,27098,12398,14700,11149,12282,1249,2418,27042,12405,14637,11161,12273,1244,2364
"합계",광진구,군자동,21524,10559,10965,9603,9822,956,1143,21563,10563,11000,9602,9822,961,1178,21477,10534,10943,9589,9836,945,1107
"합계",광진구,중곡1동,15663,7480,8183,7322,7977,158,206,15694,7483,8211,7328,7998,155,213,15760,7504,8256,7344,8041,160,215
"합계",광진구,중곡2동,21336,10032,11304,9903,11096,129,208,21323,10024,11299,9889,11090,135,209,21303,10007,11296,9868,11091,139,205
"합계",광진구,중곡3동,16177,7990,8187,7897,8048,93,139,16199,7995,8204,7903,8061,92,143,16191,7994,8197,7899,8056,95,141
"합계",광진구,중곡4동,28405,13848,14557,13715,14320,133,237,28331,13803,14528,13676,14291,127,237,28271,13768,14503,13644,14275,124,228
"합계",광진구,능동,11561,5308,6253,5134,6046,174,207,11571,5310,6261,5137,6045,173,216,11538,5298,6240,5129,6042,169,198
"합계",광진구,구의1동,24049,11414,12635,11143,12244,271,391,24056,11404,12652,11140,12262,264,390,24064,11430,12634,11163,12251,267,383
"합계",광진구,구의2동,26573,12731,13842,12511,13532,220,310,26520,12710,13810,12487,13494,223,316,26413,12633,13780,12409,13469,224,311
"합계",광진구,구의3동,28440,13400,15040,13309,14902,91,138,28452,13401,15051,13308,14914,93,137,28445,13401,15044,13306,14906,95,138
"합계",광진구,광장동,34362,16610,17752,16524,17644,86,108,34303,16575,17728,16485,17618,90,110,34275,16552,17723,16460,17613,92,110
"합계",광진구,자양1동,22709,11005,11704,10646,11216,359,488,22680,10988,11692,10632,11207,356,485,22734,11020,11714,10664,11242,356,472
"합계",광진구,자양2동,24253,11751,12502,11612,12334,139,168,24203,11740,12463,11598,12292,142,171,24129,11702,12427,11564,12254,138,173
"합계",광진구,자양3동,27858,13289,14569,13166,14387,123,182,27867,13304,14563,13179,14387,125,176,27839,13292,14547,13165,14371,127,176
"합계",광진구,자양4동,21260,10401,10859,8915,9011,1486,1848,21323,10436,10887,8947,9035,1489,1852,21339,10464,10875,8964,9022,1500,1853
"합계",동대문구,회기동,13536,6131,7405,5067,5479,1064,1926,13435,6103,7332,5045,5460,1058,1872,13446,6128,7318,5054,5479,1074,1839
"합계",동대문구,휘경1동,16339,7361,8978,6580,7351,781,1627,16331,7347,8984,6573,7355,774,1629,16339,7349,8990,6582,7434,767,1556
"합계",동대문구,휘경2동,24666,12209,12457,11906,11923,303,534,24657,12199,12458,11895,11921,304,537,25208,12457,12751,12152,12211,305,540
"합계",동대문구,청량리동,19094,9476,9618,9284,9326,192,292,19124,9490,9634,9297,9341,193,293,19097,9483,9614,9285,9335,198,279
"합계",동대문구,용신동,36137,17759,18378,17198,17361,561,1017,36201,17799,18402,17238,17382,561,1020,36502,17921,18581,17368,17557,553,1024
"합계",동대문구,제기동,26484,13181,13303,12373,11834,808,1469,26443,13173,13270,12370,11795,803,1475,26392,13156,13236,12356,11782,800,1454
"합계",동대문구,전농1동,29220,14515,14705,14310,14350,205,355,29240,14511,14729,14302,14375,209,354,29302,14505,14797,14293,14435,212,362
"합계",동대문구,전농2동,18629,8876,9753,8710,9475,166,278,18559,8851,9708,8694,9453,157,255,18530,8844,9686,8687,9436,157,250
"합계",동대문구,답십리2동,28055,13568,14487,13448,14345,120,142,28027,13542,14485,13420,14342,122,143,28017,13546,14471,13425,14328,121,143
"합계",동대문구,장안1동,38677,19053,19624,18815,19253,238,371,38659,19043,19616,18803,19236,240,380,38644,19017,19627,18771,19244,246,383
"합계",동대문구,장안2동,32685,16190,16495,16081,16306,109,189,32671,16195,16476,16086,16288,109,188,32641,16175,16466,16064,16278,111,188
"합계",동대문구,이문1동,21366,10129,11237,8943,9112,1186,2125,21190,10076,11114,8915,9033,1161,2081,21124,10048,11076,8922,9073,1126,2003
"합계",동대문구,이문2동,20183,9714,10469,9482,10195,232,274,20133,9688,10445,9463,10177,225,268,20120,9680,10440,9460,10171,220,269
"합계",동대문구,답십리1동,28530,13741,14789,13558,14579,183,210,28548,13740,14808,13556,14600,184,208,28507,13724,14783,13543,14568,181,215
"합계",중랑구,면목2동,24206,12017,12189,11879,11970,138,219,24213,12013,12200,11874,11974,139,226,24214,12015,12199,11871,11968,144,231
"합계",중랑구,면목4동,18746,9295,9451,9183,9280,112,171,18740,9289,9451,9177,9282,112,169,18682,9255,9427,9141,9256,114,171
"합계",중랑구,면목5동,14836,7413,7423,7373,7341,40,82,14805,7402,7403,7361,7321,41,82,14798,7392,7406,7351,7323,41,83
"합계",중랑구,면목7동,21798,10860,10938,10734,10739,126,199,21794,10854,10940,10728,10741,126,199,21837,10869,10968,10745,10769,124,199
"합계",중랑구,상봉1동,23714,11491,12223,11423,12128,68,95,23663,11481,12182,11412,12087,69,95,23620,11454,12166,11386,12070,68,96
"합계",중랑구,상봉2동,20612,9861,10751,9729,10523,132,228,20640,9872,10768,9735,10539,137,229,20607,9871,10736,9728,10514,143,222
"합계",중랑구,중화1동,19293,9462,9831,9402,9715,60,116,19280,9470,9810,9406,9693,64,117,19241,9455,9786,9392,9669,63,117
"합계",중랑구,중화2동,24926,12755,12171,12580,11912,175,259,24877,12724,12153,12547,11891,177,262,24813,12684,12129,12507,11864,177,265
"합계",중랑구,묵1동,34344,16413,17931,16332,17798,81,133,34295,16338,17957,16260,17821,78,136,34300,16335,17965,16254,17823,81,142
"합계",중랑구,묵2동,18624,9103,9521,9011,9364,92,157,18612,9096,9516,9001,9359,95,157,18636,9106,9530,9007,9378,99,152
"합계",중랑구,망우3동,16303,8186,8117,8031,7907,155,210,16286,8173,8113,8021,7906,152,207,16297,8170,8127,8020,7921,150,206
"합계",중랑구,신내1동,38205,18445,19760,18373,19681,72,79,38254,18470,19784,18398,19701,72,83,38284,18471,19813,18401,19728,70,85
"합계",중랑구,신내2동,20155,9566,10589,9540,10527,26,62,20082,9526,10556,9500,10495,26,61,20055,9516,10539,9491,10479,25,60
"합계",중랑구,면목본동,33856,16676,17180,16396,16748,280,432,33853,16658,17195,16376,16766,282,429,33839,16632,17207,16349,16772,283,435
"합계",중랑구,면목3.8동,24617,12174,12443,11992,12196,182,247,24591,12162,12429,11976,12182,186,247,24813,12266,12547,12078,12303,188,244
"합계",중랑구,망우본동,35905,17705,18200,17559,17952,146,248,35968,17745,18223,17595,17972,150,251,35982,17740,18242,17585,17986,155,256
"합계",성북구,돈암1동,14474,6747,7727,6711,7658,36,69,14503,6756,7747,6720,7679,36,68,14512,6753,7759,6713,7691,40,68
"합계",성북구,돈암2동,23657,11174,12483,11133,12425,41,58,23663,11191,12472,11148,12416,43,56,23590,11151,12439,11108,12382,43,57
"합계",성북구,안암동,17118,8275,8843,7570,7427,705,1416,17037,8230,8807,7556,7418,674,1389,17094,8285,8809,7625,7471,660,1338
"합계",성북구,보문동,16712,7979,8733,7821,8501,158,232,16686,7954,8732,7796,8499,158,233,16702,7968,8734,7803,8500,165,234
"합계",성북구,정릉1동,18197,8670,9527,8590,9387,80,140,18185,8661,9524,8583,9386,78,138,18165,8656,9509,8573,9367,83,142
"합계",성북구,정릉2동,22911,11034,11877,10971,11716,63,161,22916,11050,11866,10985,11708,65,158,22901,11019,11882,10955,11720,64,162
"합계",성북구,정릉3동,16567,8106,8461,7511,7582,595,879,16590,8089,8501,7471,7584,618,917,16567,8127,8440,7540,7602,587,838
"합계",성북구,정릉4동,24911,11835,13076,11719,12712,116,364,24884,11813,13071,11697,12713,116,358,24865,11807,13058,11695,12720,112,338
"합계",성북구,길음1동,35000,16560,18440,16498,18347,62,93,34958,16546,18412,16484,18321,62,91,34946,16536,18410,16476,18320,60,90
"합계",성북구,길음2동,21728,10450,11278,10376,11206,74,72,21747,10462,11285,10391,11213,71,72,21767,10450,11317,10377,11244,73,73
"합계",성북구,월곡1동,26169,12588,13581,12512,13438,76,143,26170,12588,13582,12513,13438,75,144,26175,12581,13594,12506,13449,75,145
"합계",성북구,월곡2동,19739,9442,10297,9198,9946,244,351,19740,9432,10308,9193,9961,239,347,19772,9411,10361,9173,10015,238,346
"합계",성북구,장위1동,24082,11731,12351,11661,12228,70,123,24035,11683,12352,11610,12227,73,125,24006,11671,12335,11596,12205,75,130
"합계",성북구,장위2동,13622,6685,6937,6590,6799,95,138,13613,6676,6937,6586,6798,90,139,13599,6663,6936,6573,6799,90,137
"합계",성북구,장위3동,15868,7747,8121,7676,8052,71,69,15866,7751,8115,7680,8040,71,75,15877,7772,8105,7700,8027,72,78
"합계",성북구,성북동,16889,7836,9053,7579,8693,257,360,16876,7836,9040,7573,8681,263,359,16867,7826,9041,7567,8679,259,362
"합계",성북구,삼선동,23044,10866,12178,10676,11780,190,398,23002,10862,12140,10671,11738,191,402,23019,10860,12159,10679,11754,181,405
"합계",성북구,동선동,15870,6523,9347,6287,8788,236,559,15794,6478,9316,6255,8750,223,566,15877,6506,9371,6277,8800,229,571
"합계",성북구,종암동,40111,19599,20512,18875,19297,724,1215,40057,19574,20483,18845,19258,729,1225,40063,19586,20477,18862,19267,724,1210
"합계",성북구,석관동,35315,17399,17916,17007,17454,392,462,35237,17350,17887,16959,17423,391,464,35222,17346,17876,16955,17405,391,471
"합계",강북구,번1동,18578,9270,9308,9114,9003,156,305,18598,9287,9311,9126,8999,161,312,18600,9267,9333,9094,9005,173,328
"합계",강북구,번2동,15397,7415,7982,7383,7925,32,57,15382,7412,7970,7381,7911,31,59,15341,7390,7951,7364,7892,26,59
"합계",강북구,번3동,16449,7677,8772,7662,8721,15,51,16423,7664,8759,7650,8708,14,51,16363,7627,8736,7613,8687,14,49
"합계",강북구,수유1동,20501,10041,10460,9955,10310,86,150,20495,10033,10462,9945,10306,88,156,20509,10039,10470,9948,10303,91,167
"합계",강북구,수유2동,21054,9985,11069,9939,10969,46,100,21038,9985,11053,9938,10951,47,102,21017,9968,11049,9923,10940,45,109
"합계",강북구,수유3동,23778,11614,12164,11341,11629,273,535,23745,11621,12124,11344,11596,277,528,23834,11637,12197,11364,11653,273,544
"합계",강북구,삼양동,23090,11486,11604,11422,11488,64,116,23057,11466,11591,11399,11470,67,121,23036,11452,11584,11388,11460,64,124
"합계",강북구,미아동,21685,10360,11325,10155,10981,205,344,21662,10337,11325,10138,10971,199,354,21719,10347,11372,10145,11010,202,362
"합계",강북구,송중동,29910,14335,15575,14084,15220,251,355,29872,14329,15543,14077,15186,252,357,29836,14327,15509,14070,15145,257,364
"합계",강북구,송천동,25998,12830,13168,12659,12925,171,243,25952,12814,13138,12645,12894,169,244,25932,12791,13141,12623,12898,168,243
"합계",강북구,삼각산동,30939,14826,16113,14780,16050,46,63,30920,14821,16099,14773,16036,48,63,30866,14793,16073,14745,16011,48,62
"합계",강북구,우이동,20407,9809,10598,9753,10491,56,107,20349,9768,10581,9712,10473,56,108,20357,9758,10599,9702,10493,56,106
"합계",강북구,인수동,29916,14389,15527,14320,15381,69,146,29898,14376,15522,14307,15377,69,145,29855,14343,15512,14275,15368,68,144
"합계",도봉구,쌍문1동,21445,10155,11290,10081,10934,74,356,21375,10126,11249,10054,10901,72,348,21360,10123,11237,10053,10915,70,322
"합계",도봉구,쌍문2동,18461,8798,9663,8732,9592,66,71,18461,8798,9663,8728,9590,70,73,18401,8769,9632,8700,9559,69,73
"합계",도봉구,쌍문3동,16934,8127,8807,8070,8704,57,103,16914,8110,8804,8054,8700,56,104,16913,8114,8799,8058,8699,56,100
"합계",도봉구,쌍문4동,18348,8654,9694,8648,9659,6,35,18347,8653,9694,8647,9658,6,36,18355,8662,9693,8656,9652,6,41
"합계",도봉구,방학1동,28410,14078,14332,13992,14180,86,152,28388,14057,14331,13968,14175,89,156,28360,14036,14324,13945,14174,91,150
"합계",도봉구,방학2동,19354,9755,9599,9668,9484,87,115,19291,9730,9561,9646,9451,84,110,19226,9699,9527,9614,9418,85,109
"합계",도봉구,방학3동,26500,12814,13686,12792,13636,22,50,26479,12805,13674,12784,13623,21,51,26510,12825,13685,12804,13633,21,52
"합계",도봉구,창1동,24502,11650,12852,11599,12760,51,92,24471,11640,12831,11589,12741,51,90,24452,11624,12828,11572,12737,52,91
"합계",도봉구,창2동,28957,14039,14918,13925,14749,114,169,28913,14016,14897,13903,14727,113,170,28863,13996,14867,13883,14684,113,183
"합계",도봉구,창3동,13633,6775,6858,6746,6800,29,58,13591,6751,6840,6722,6782,29,58,13546,6724,6822,6694,6760,30,62
"합계",도봉구,창4동,26121,12512,13609,12471,13545,41,64,26060,12488,13572,12447,13511,41,61,26019,12466,13553,12425,13491,41,62
"합계",도봉구,창5동,24343,11632,12711,11598,12628,34,83,24346,11635,12711,11599,12628,36,83,24295,11611,12684,11575,12602,36,82
"합계",도봉구,도봉1동,20622,10301,10321,10246,10224,55,97,20608,10286,10322,10230,10226,56,96,20575,10276,10299,10218,10200,58,99
"합계",도봉구,도봉2동,26359,12885,13474,12830,13401,55,73,26304,12852,13452,12797,13379,55,73,26262,12821,13441,12767,13365,54,76
"합계",노원구,월계1동,21580,11099,10481,10765,10151,334,330,21526,11060,10466,10730,10140,330,326,21566,11098,10468,10765,10145,333,323
"합계",노원구,월계2동,26066,12522,13544,12472,13453,50,91,26062,12523,13539,12473,13451,50,88,26084,12532,13552,12482,13465,50,87
"합계",노원구,월계3동,29384,14025,15359,13955,15250,70,109,29381,14030,15351,13960,15241,70,110,29280,13987,15293,13920,15186,67,107
"합계",노원구,공릉2동,42538,20702,21836,20411,21417,291,419,42486,20669,21817,20369,21359,300,458,42537,20709,21828,20406,21411,303,417
"합계",노원구,하계1동,26982,12896,14086,12643,13798,253,288,26789,12785,14004,12526,13708,259,296,27107,12975,14132,12727,13841,248,291
"합계",노원구,하계2동,21642,10253,11389,10232,11361,21,28,21624,10260,11364,10239,11336,21,28,21567,10232,11335,10211,11306,21,29
"합계",노원구,중계본동,23477,11395,12082,11378,12045,17,37,23426,11376,12050,11359,12013,17,37,23430,11382,12048,11365,12010,17,38
"합계",노원구,중계1동,26580,12953,13627,12917,13563,36,64,26559,12926,13633,12891,13570,35,63,26564,12933,13631,12898,13568,35,63
"합계",노원구,중계4동,19601,9426,10175,9358,10139,68,36,19594,9432,10162,9364,10128,68,34,19520,9391,10129,9323,10094,68,35
"합계",노원구,상계1동,37857,18275,19582,18223,19484,52,98,37791,18244,19547,18189,19449,55,98,37744,18212,19532,18158,19430,54,102
"합계",노원구,상계2동,19629,9644,9985,9569,9897,75,88,19638,9644,9994,9569,9901,75,93,19637,9652,9985,9583,9894,69,91
"합계",노원구,상계5동,23737,11490,12247,11446,12159,44,88,23683,11454,12229,11410,12141,44,88,23635,11424,12211,11378,12120,46,91
"합계",노원구,상계8동,22344,10644,11700,10630,11662,14,38,22324,10627,11697,10614,11658,13,39,22258,10600,11658,10588,11620,12,38
"합계",노원구,상계9동,20071,9394,10677,9363,10616,31,61,20051,9374,10677,9343,10617,31,60,20009,9350,10659,9320,10601,30,58
"합계",노원구,상계10동,18477,8524,9953,8503,9921,21,32,18413,8492,9921,8471,9890,21,31,18398,8465,9933,8443,9899,22,34
"합계",노원구,상계3.4동,25324,12606,12718,12568,12643,38,75,25289,12597,12692,12560,12617,37,75,25227,12577,12650,12539,12574,38,76
"합계",노원구,상계6.7동,32044,14789,17255,14739,17175,50,80,32030,14787,17243,14737,17161,50,82,32048,14794,17254,14745,17170,49,84
"합계",노원구,중계2.3동,33497,15316,18181,15274,18092,42,89,33398,15266,18132,15223,18043,43,89,33345,15241,18104,15199,18014,42,90
"합계",노원구,공릉1동,37184,18057,19127,17699,18763,358,364,37115,18028,19087,17667,18718,361,369,37148,18051,19097,17693,18729,358,368
"합계",은평구,녹번동,36884,17348,19536,17179,19336,169,200,36828,17320,19508,17150,19307,170,201,36819,17307,19512,17138,19309,169,203
"합계",은평구,불광1동,38265,18015,20250,17903,20099,112,151,38185,17984,20201,17874,20045,110,156,38139,17932,20207,17819,20052,113,155
"합계",은평구,갈현1동,17151,8374,8777,8304,8684,70,93,16463,8022,8441,7952,8354,70,87,15742,7637,8105,7568,8019,69,86
"합계",은평구,갈현2동,28176,13301,14875,13195,14712,106,163,28143,13264,14879,13159,14720,105,159,28169,13292,14877,13194,14719,98,158
"합계",은평구,구산동,32020,15623,16397,15534,16281,89,116,32007,15618,16389,15531,16271,87,118,31981,15599,16382,15512,16264,87,118
"합계",은평구,대조동,26862,12449,14413,12322,14220,127,193,27247,12609,14638,12476,14438,133,200,27632,12767,14865,12633,14659,134,206
"합계",은평구,응암1동,33279,15628,17651,15493,17464,135,187,33303,15641,17662,15512,17476,129,186,33315,15637,17678,15512,17490,125,188
"합계",은평구,응암2동,28016,13572,14444,13488,14340,84,104,27994,13556,14438,13472,14330,84,108,27921,13497,14424,13412,14312,85,112
"합계",은평구,신사1동,26984,12930,14054,12860,13919,70,135,26953,12901,14052,12832,13916,69,136,26962,12911,14051,12841,13913,70,138
"합계",은평구,신사2동,19497,9658,9839,9618,9752,40,87,19488,9670,9818,9631,9731,39,87,19410,9622,9788,9583,9700,39,88
"합계",은평구,증산동,18647,9098,9549,9027,9473,71,76,18660,9096,9564,9026,9485,70,79,18663,9094,9569,9025,9491,69,78
"합계",은평구,수색동,13210,6450,6760,6422,6715,28,45,13187,6419,6768,6390,6723,29,45,13180,6417,6763,6387,6717,30,46
"합계",은평구,진관동,55034,25720,29314,25639,29182,81,132,55060,25715,29345,25636,29211,79,134,55024,25676,29348,25597,29213,79,135
"합계",은평구,불광2동,27280,13168,14112,13072,13964,96,148,27310,13190,14120,13100,13973,90,147,27359,13185,14174,13095,14026,90,148
"합계",은평구,응암3동,24313,11752,12561,11608,12352,144,209,24300,11736,12564,11591,12354,145,210,24242,11690,12552,11548,12346,142,206
"합계",은평구,역촌동,44984,21077,23907,20928,23661,149,246,44971,21084,23887,20931,23640,153,247,44931,21079,23852,20926,23607,153,245
"합계",서대문구,천연동,17031,8070,8961,7954,8859,116,102,17008,8055,8953,7941,8853,114,100,16941,8018,8923,7906,8828,112,95
"합계",서대문구,홍제1동,24674,11507,13167,11409,13019,98,148,24908,11607,13301,11509,13151,98,150,25000,11654,13346,11555,13192,99,154
"합계",서대문구,홍제3동,17890,8583,9307,8510,9209,73,98,17879,8573,9306,8501,9210,72,96,17882,8579,9303,8506,9206,73,97
"합계",서대문구,홍제2동,13433,6272,7161,6229,7097,43,64,13409,6277,7132,6235,7070,42,62,13433,6284,7149,6240,7088,44,61
"합계",서대문구,홍은1동,22825,11026,11799,10937,11647,89,152,22747,10985,11762,10898,11611,87,151,22690,10947,11743,10857,11595,90,148
"합계",서대문구,홍은2동,27499,13102,14397,12817,13916,285,481,28532,13616,14916,13333,14426,283,490,29276,13975,15301,13695,14819,280,482
"합계",서대문구,남가좌1동,16884,8090,8794,7995,8660,95,134,16931,8111,8820,8016,8686,95,134,16955,8122,8833,8025,8697,97,136
"합계",서대문구,남가좌2동,30508,14468,16040,14086,15215,382,825,30463,14470,15993,14076,15174,394,819,30467,14488,15979,14107,15167,381,812
"합계",서대문구,북가좌1동,17804,8528,9276,8487,9216,41,60,17803,8520,9283,8481,9222,39,61,17802,8509,9293,8472,9231,37,62
"합계",서대문구,북가좌2동,31244,15161,16083,15050,15881,111,202,31235,15149,16086,15036,15883,113,203,31220,15135,16085,15019,15884,116,201
"합계",서대문구,충현동,20316,9744,10572,9534,10329,210,243,20315,9744,10571,9535,10326,209,245,20301,9744,10557,9535,10315,209,242
"합계",서대문구,북아현동,15875,7597,8278,7471,8100,126,178,15874,7590,8284,7464,8110,126,174,15851,7570,8281,7449,8122,121,159
"합계",서대문구,신촌동,26143,10232,15911,8863,11434,1369,4477,25826,10154,15672,8846,11357,1308,4315,25703,10191,15512,8903,11463,1288,4049
"합계",서대문구,연희동,37428,17714,19714,16474,17939,1240,1775,37371,17669,19702,16423,17904,1246,1798,37366,17651,19715,16402,17916,1249,1799
"합계",마포구,용강동,21786,10318,11468,10098,11242,220,226,21718,10270,11448,10056,11226,214,222,21725,10276,11449,10068,11233,208,216
"합계",마포구,대흥동,16177,7558,8619,7040,7455,518,1164,16126,7534,8592,7020,7449,514,1143,16099,7547,8552,7033,7455,514,1097
"합계",마포구,염리동,17633,8269,9364,8011,8747,258,617,17613,8267,9346,8015,8744,252,602,17694,8285,9409,8030,8751,255,658
"합계",마포구,신수동,22672,11010,11662,10864,11422,146,240,22658,11008,11650,10864,11411,144,239,22602,10996,11606,10861,11374,135,232
"합계",마포구,서교동,26674,11825,14849,11194,13334,631,1515,26646,11782,14864,11161,13335,621,1529,26568,11758,14810,11126,13340,632,1470
"합계",마포구,합정동,17064,7836,9228,7706,8996,130,232,17034,7816,9218,7691,8983,125,235,16997,7795,9202,7670,8984,125,218
"합계",마포구,망원1동,19757,9246,10511,9115,10337,131,174,19695,9200,10495,9066,10323,134,172,19686,9186,10500,9054,10322,132,178
"합계",마포구,망원2동,18449,8596,9853,8531,9719,65,134,18434,8591,9843,8529,9712,62,131,18391,8573,9818,8512,9692,61,126
"합계",마포구,연남동,15603,7334,8269,6933,7681,401,588,15553,7309,8244,6901,7658,408,586,15508,7288,8220,6891,7637,397,583
"합계",마포구,성산1동,19079,8931,10148,8778,9948,153,200,19023,8903,10120,8753,9919,150,201,19031,8901,10130,8752,9927,149,203
"합계",마포구,성산2동,39500,17621,21879,17532,21660,89,219,39457,17562,21895,17475,21672,87,223,39379,17512,21867,17422,21645,90,222
"합계",마포구,상암동,30837,14537,16300,14224,15922,313,378,30783,14514,16269,14202,15878,312,391,30712,14475,16237,14157,15852,318,385
"합계",마포구,도화동,21118,10071,11047,9953,10918,118,129,21095,10061,11034,9942,10903,119,131,21034,10030,11004,9913,10876,117,128
"합계",마포구,서강동,25576,12069,13507,11817,12932,252,575,25514,12051,13463,11793,12908,258,555,25443,12028,13415,11780,12896,248,519
"합계",마포구,공덕동,37476,17576,19900,17257,19578,319,322,37423,17548,19875,17233,19559,315,316,37386,17507,19879,17194,19563,313,316
"합계",마포구,아현동,26184,12209,13975,11990,13704,219,271,27049,12635,14414,12413,14144,222,270,27928,13038,14890,12821,14616,217,274
"합계",양천구,목1동,30536,14684,15852,14619,15788,65,64,30482,14662,15820,14598,15755,64,65,30494,14668,15826,14604,15758,64,68
"합계",양천구,목2동,29641,14341,15300,14262,15166,79,134,29592,14324,15268,14244,15136,80,132,29499,14265,15234,14182,15101,83,133
"합계",양천구,목3동,21719,10336,11383,10280,11307,56,76,21728,10339,11389,10281,11310,58,79,21646,10314,11332,10254,11252,60,80
"합계",양천구,목4동,25018,12233,12785,12161,12688,72,97,25015,12242,12773,12171,12676,71,97,24933,12196,12737,12133,12641,63,96
"합계",양천구,신월1동,20343,10389,9954,10287,9791,102,163,20330,10379,9951,10280,9787,99,164,20261,10345,9916,10246,9752,99,164
"합계",양천구,신월2동,20569,10052,10517,9990,10423,62,94,20564,10050,10514,9987,10418,63,96,20500,10013,10487,9952,10391,61,96
"합계",양천구,신월3동,14934,7858,7076,7769,6979,89,97,14903,7836,7067,7745,6968,91,99,14874,7815,7059,7727,6961,88,98
"합계",양천구,신월4동,17698,8598,9100,8572,9032,26,68,17695,8595,9100,8569,9032,26,68,17698,8595,9103,8568,9032,27,71
"합계",양천구,신월5동,14461,7160,7301,7112,7222,48,79,14438,7147,7291,7101,7212,46,79,14433,7146,7287,7101,7212,45,75
"합계",양천구,신월6동,13816,6733,7083,6711,7048,22,35,13880,6773,7107,6750,7073,23,34,13925,6795,7130,6772,7095,23,35
"합계",양천구,신월7동,19199,9339,9860,9308,9760,31,100,19156,9322,9834,9290,9732,32,102,19093,9280,9813,9245,9714,35,99
"합계",양천구,신정1동,19962,9720,10242,9667,10189,53,53,19947,9692,10255,9642,10201,50,54,19932,9667,10265,9618,10212,49,53
"합계",양천구,신정2동,19003,9325,9678,9279,9627,46,51,18991,9325,9666,9279,9616,46,50,18997,9333,9664,9288,9613,45,51
"합계",양천구,신정3동,50587,24488,26099,24336,25899,152,200,50599,24504,26095,24357,25896,147,199,50579,24470,26109,24325,25909,145,200
"합계",양천구,신정6동,24152,11745,12407,11736,12395,9,12,24111,11714,12397,11705,12384,9,13,24090,11701,12389,11692,12377,9,12
"합계",양천구,신정7동,28579,13730,14849,13656,14769,74,80,28564,13727,14837,13652,14755,75,82,28517,13715,14802,13641,14719,74,83
"합계",양천구,목5동,40737,20192,20545,20152,20485,40,60,40717,20171,20546,20129,20484,42,62,40714,20166,20548,20121,20494,45,54
"합계",양천구,신정4동,33056,16052,17004,15785,16631,267,373,33052,16034,17018,15777,16639,257,379,32975,15984,16991,15726,16614,258,377
"합계",강서구,염창동,41628,20027,21601,19964,21542,63,59,41552,19972,21580,19908,21517,64,63,41548,19968,21580,19904,21516,64,64
"합계",강서구,등촌1동,24991,11484,13507,11406,13356,78,151,24984,11482,13502,11409,13347,73,155,24977,11474,13503,11406,13351,68,152
"합계",강서구,등촌2동,19855,9642,10213,9596,10142,46,71,19839,9620,10219,9572,10149,48,70,19776,9593,10183,9543,10112,50,71
"합계",강서구,등촌3동,30025,14204,15821,14136,15718,68,103,29946,14147,15799,14079,15698,68,101,29830,14091,15739,14029,15642,62,97
"합계",강서구,화곡본동,34121,16469,17652,16315,17417,154,235,34073,16444,17629,16296,17398,148,231,33996,16412,17584,16263,17353,149,231
"합계",강서구,화곡2동,17785,8556,9229,8453,9061,103,168,17770,8553,9217,8452,9048,101,169,17750,8549,9201,8447,9025,102,176
"합계",강서구,화곡3동,21603,10280,11323,10227,11232,53,91,21565,10246,11319,10195,11229,51,90,21525,10220,11305,10171,11217,49,88
"합계",강서구,화곡4동,20514,10050,10464,9933,10304,117,160,20456,10018,10438,9900,10279,118,159,20410,9999,10411,9881,10254,118,157
"합계",강서구,화곡6동,25303,12116,13187,12019,13008,97,179,25261,12093,13168,11994,12991,99,177,25257,12067,13190,11972,13018,95,172
"합계",강서구,화곡8동,24415,11757,12658,11575,12435,182,223,24390,11755,12635,11575,12419,180,216,24376,11756,12620,11576,12401,180,219
"합계",강서구,가양1동,34359,15651,18708,15526,18559,125,149,34355,15625,18730,15502,18585,123,145,34366,15602,18764,15476,18620,126,144
"합계",강서구,가양2동,13902,6539,7363,6516,7296,23,67,13882,6537,7345,6513,7277,24,68,13875,6534,7341,6510,7275,24,66
"합계",강서구,가양3동,14678,6805,7873,6761,7818,44,55,14634,6784,7850,6738,7795,46,55,14602,6767,7835,6726,7778,41,57
"합계",강서구,발산1동,36236,17147,19089,16960,18984,187,105,36197,17120,19077,16930,18974,190,103,36233,17117,19116,16925,19017,192,99
"합계",강서구,공항동,30927,15635,15292,15339,15033,296,259,30879,15616,15263,15330,15008,286,255,30760,15534,15226,15256,14969,278,257
"합계",강서구,방화1동,42851,20870,21981,20759,21857,111,124,42828,20851,21977,20744,21854,107,123,42776,20836,21940,20731,21817,105,123
"합계",강서구,방화2동,23371,11541,11830,11425,11698,116,132,23319,11516,11803,11402,11667,114,136,23286,11504,11782,11389,11653,115,129
"합계",강서구,방화3동,22544,10840,11704,10794,11618,46,86,22507,10817,11690,10771,11604,46,86,22469,10821,11648,10777,11567,44,81
"합계",강서구,화곡1동,52647,25493,27154,25109,26596,384,558,52681,25518,27163,25136,26608,382,555,52695,25520,27175,25136,26615,384,560
"합계",강서구,우장산동,42883,20479,22404,20390,22289,89,115,43112,20567,22545,20480,22432,87,113,43555,20797,22758,20708,22640,89,118
"합계",구로구,신도림동,36138,17484,18654,17341,18480,143,174,36128,17461,18667,17321,18491,140,176,36112,17435,18677,17297,18502,138,175
"합계",구로구,구로1동,20936,10226,10710,10080,10553,146,157,20928,10208,10720,10064,10564,144,156,20887,10184,10703,10058,10560,126,143
"합계",구로구,구로3동,25055,12928,12127,12075,11344,853,783,25028,12899,12129,12088,11343,811,786,25065,12906,12159,12094,11366,812,793
"합계",구로구,구로4동,23052,11398,11654,9279,9913,2119,1741,23001,11361,11640,9260,9895,2101,1745,22923,11323,11600,9236,9864,2087,1736
"합계",구로구,구로5동,31740,15429,16311,14153,15118,1276,1193,31789,15476,16313,14193,15111,1283,1202,31787,15469,16318,14181,15119,1288,1199
"합계",구로구,고척1동,25636,12810,12826,12649,12669,161,157,25924,12947,12977,12781,12817,166,160,26066,13017,13049,12851,12887,166,162
"합계",구로구,고척2동,26557,13100,13457,12899,13230,201,227,26598,13141,13457,12932,13230,209,227,26578,13126,13452,12913,13225,213,227
"합계",구로구,개봉2동,30665,14921,15744,14738,15535,183,209,30589,14871,15718,14689,15502,182,216,30496,14830,15666,14650,15449,180,217
"합계",구로구,개봉3동,20251,9844,10407,9664,10223,180,184,20239,9831,10408,9647,10220,184,188,20229,9817,10412,9632,10221,185,191
"합계",구로구,오류1동,23126,11071,12055,10798,11743,273,312,23201,11088,12113,10807,11798,281,315,23260,11085,12175,10799,11856,286,319
"합계",구로구,수궁동,23332,11452,11880,11318,11721,134,159,23316,11441,11875,11304,11721,137,154,23257,11412,11845,11274,11693,138,152
"합계",구로구,가리봉동,12653,7105,5548,4899,4037,2206,1511,12644,7092,5552,4903,4036,2189,1516,12641,7081,5560,4911,4043,2170,1517
"합계",구로구,구로2동,30093,15427,14666,11654,11477,3773,3189,29977,15354,14623,11613,11437,3741,3186,29805,15256,14549,11596,11434,3660,3115
"합계",구로구,개봉1동,34105,16969,17136,16603,16757,366,379,34076,16938,17138,16570,16752,368,386,34087,16949,17138,16573,16748,376,390
"합계",구로구,오류2동,38528,18437,20091,18151,19807,286,284,38516,18433,20083,18150,19798,283,285,38507,18414,20093,18128,19814,286,279
"합계",구로구,항동,16551,8031,8520,7973,8434,58,86,16564,8040,8524,7982,8442,58,82,16582,8046,8536,7989,8459,57,77
"합계",금천구,가산동,26569,14396,12173,13043,11168,1353,1005,26593,14402,12191,13063,11190,1339,1001,26535,14366,12169,13026,11172,1340,997
"합계",금천구,독산1동,47573,24313,23260,23430,22451,883,809,47658,24377,23281,23495,22470,882,811,47779,24424,23355,23546,22534,878,821
"합계",금천구,독산2동,19562,9885,9677,9200,9023,685,654,19507,9854,9653,9177,9005,677,648,19481,9826,9655,9159,9017,667,638
"합계",금천구,독산3동,27239,13801,13438,12025,12009,1776,1429,27200,13786,13414,12025,11980,1761,1434,27190,13783,13407,12032,11972,1751,1435
"합계",금천구,독산4동,16432,8274,8158,7489,7396,785,762,16419,8249,8170,7479,7408,770,762,16411,8248,8163,7466,7397,782,766
"합계",금천구,시흥1동,34054,17006,17048,16192,16268,814,780,33986,16971,17015,16161,16234,810,781,33954,16939,17015,16129,16234,810,781
"합계",금천구,시흥2동,20832,9967,10865,9916,10801,51,64,20817,9945,10872,9895,10805,50,67,20814,9937,10877,9888,10811,49,66
"합계",금천구,시흥3동,10701,5297,5404,5225,5320,72,84,10668,5281,5387,5210,5304,71,83,10638,5260,5378,5190,5293,70,85
"합계",금천구,시흥4동,20614,10198,10416,9885,10092,313,324,20573,10181,10392,9870,10065,311,327,20528,10157,10371,9844,10044,313,327
"합계",금천구,시흥5동,19242,9638,9604,9381,9328,257,276,19193,9628,9565,9368,9295,260,270,19173,9614,9559,9355,9286,259,273
"합계",영등포구,여의동,32923,15459,17464,15278,17277,181,187,32872,15431,17441,15248,17255,183,186,32848,15432,17416,15251,17232,181,184
"합계",영등포구,당산1동,20740,10080,10660,9930,10443,150,217,21100,10238,10862,10088,10643,150,219,21119,10228,10891,10077,10678,151,213
"합계",영등포구,당산2동,37102,17300,19802,17132,19584,168,218,37109,17329,19780,17156,19559,173,221,37125,17356,19769,17186,19552,170,217
"합계",영등포구,양평1동,18704,9051,9653,8929,9465,122,188,18646,9006,9640,8889,9451,117,189,18630,8993,9637,8881,9464,112,173
"합계",영등포구,양평2동,22583,10990,11593,10909,11470,81,123,22581,10989,11592,10908,11467,81,125,22588,10998,11590,10917,11469,81,121
"합계",영등포구,신길1동,20483,10385,10098,9703,9449,682,649,20550,10413,10137,9735,9489,678,648,20656,10451,10205,9770,9557,681,648
"합계",영등포구,신길3동,17281,8573,8708,8073,8278,500,430,17243,8545,8698,8055,8267,490,431,17239,8535,8704,8047,8275,488,429
"합계",영등포구,신길4동,13016,6478,6538,6099,6205,379,333,13011,6476,6535,6098,6197,378,338,13050,6488,6562,6113,6222,375,340
"합계",영등포구,신길5동,11212,5476,5736,4970,5260,506,476,11185,5447,5738,4944,5264,503,474,11152,5428,5724,4933,5253,495,471
"합계",영등포구,신길6동,19593,9601,9992,9239,9635,362,357,19552,9573,9979,9218,9622,355,357,19520,9538,9982,9192,9632,346,350
"합계",영등포구,신길7동,19899,9898,10001,9809,9909,89,92,19919,9913,10006,9822,9914,91,92,19987,9956,10031,9867,9937,89,94
"합계",영등포구,대림1동,16506,8330,8176,7043,7115,1287,1061,16455,8291,8164,7024,7105,1267,1059,16362,8251,8111,6993,7060,1258,1051
"합계",영등포구,대림2동,17523,8946,8577,5832,6023,3114,2554,17622,8972,8650,5885,6093,3087,2557,17599,8957,8642,5893,6080,3064,2562
"합계",영등포구,대림3동,25205,12623,12582,10905,10973,1718,1609,25176,12624,12552,10909,10960,1715,1592,25187,12642,12545,10915,10964,1727,1581
"합계",영등포구,영등포본동,22714,11647,11067,10768,10240,879,827,22701,11634,11067,10762,10233,872,834,22634,11612,11022,10746,10195,866,827
"합계",영등포구,영등포동,30461,15665,14796,15334,14394,331,402,30632,15742,14890,15409,14487,333,403,30823,15811,15012,15476,14594,335,418
"합계",영등포구,도림동,19600,9869,9731,8918,8753,951,978,19636,9895,9741,8935,8766,960,975,19647,9903,9744,8947,8766,956,978
"합계",영등포구,문래동,32540,15893,16647,15789,16542,104,105,32497,15859,16638,15755,16529,104,109,32491,15859,16632,15752,16524,107,108
"합계",동작구,노량진2동,11234,5806,5428,5448,5072,358,356,11236,5836,5400,5467,5043,369,357,11267,5859,5408,5477,5048,382,360
"합계",동작구,상도1동,46166,22174,23992,21464,22742,710,1250,46140,22159,23981,21448,22705,711,1276,46300,22299,24001,21589,22810,710,1191
"합계",동작구,상도2동,27982,13339,14643,13236,14459,103,184,27943,13334,14609,13227,14428,107,181,28029,13390,14639,13277,14454,113,185
"합계",동작구,상도3동,24456,11621,12835,11461,12633,160,202,24508,11647,12861,11482,12658,165,203,24546,11660,12886,11500,12678,160,208
"합계",동작구,상도4동,28564,13835,14729,13719,14508,116,221,28569,13838,14731,13726,14508,112,223,28538,13826,14712,13714,14489,112,223
"합계",동작구,사당1동,23009,11020,11989,10829,11732,191,257,23024,11032,11992,10842,11736,190,256,23018,11037,11981,10846,11720,191,261
"합계",동작구,사당3동,24189,11710,12479,11623,12378,87,101,24162,11676,12486,11589,12384,87,102,24093,11625,12468,11543,12361,82,107
"합계",동작구,사당4동,14185,6784,7401,6703,7313,81,88,14179,6773,7406,6698,7313,75,93,14135,6737,7398,6663,7302,74,96
"합계",동작구,사당5동,14434,6915,7519,6869,7465,46,54,14418,6901,7517,6856,7465,45,52,14395,6886,7509,6841,7457,45,52
"합계",동작구,대방동,37056,17509,19547,17352,19381,157,166,36821,17407,19414,17253,19251,154,163,36539,17274,19265,17118,19103,156,162
"합계",동작구,신대방1동,25118,12096,13022,11199,12165,897,857,25151,12115,13036,11213,12175,902,861,25132,12096,13036,11203,12168,893,868
"합계",동작구,신대방2동,22445,10732,11713,10639,11579,93,134,22446,10712,11734,10620,11596,92,138,22484,10713,11771,10621,11632,92,139
"합계",동작구,흑석동,30694,14603,16091,13880,14637,723,1454,30285,14423,15862,13712,14447,711,1415,29960,14298,15662,13618,14318,680,1344
"합계",동작구,노량진1동,32114,16163,15951,15982,15688,181,263,32155,16187,15968,16005,15701,182,267,32158,16194,15964,16012,15683,182,281
"합계",동작구,사당2동,28786,13773,15013,13626,14814,147,199,28781,13761,15020,13608,14823,153,197,28728,13740,14988,13584,14793,156,195
"합계",관악구,보라매동,24660,12093,12567,11894,12327,199,240,24703,12117,12586,11916,12339,201,247,24657,12129,12528,11933,12289,196,239
"합계",관악구,청림동,15005,7239,7766,7201,7700,38,66,15044,7257,7787,7218,7723,39,64,15015,7252,7763,7213,7699,39,64
"합계",관악구,행운동,29636,14246,15390,14084,15048,162,342,29612,14248,15364,14086,15020,162,344,29600,14235,15365,14069,15022,166,343
"합계",관악구,낙성대동,17928,8954,8974,8712,8622,242,352,17916,8919,8997,8684,8644,235,353,17925,8937,8988,8711,8647,226,341
"합계",관악구,중앙동,15685,7523,8162,7389,7928,134,234,15707,7534,8173,7406,7942,128,231,15762,7579,8183,7448,7951,131,232
"합계",관악구,인헌동,26119,12636,13483,12484,13241,152,242,26099,12626,13473,12472,13240,154,233,26156,12648,13508,12498,13277,150,231
"합계",관악구,남현동,18163,8767,9396,8688,9274,79,122,18128,8758,9370,8680,9248,78,122,18139,8763,9376,8683,9249,80,127
"합계",관악구,서원동,23511,12233,11278,11934,10852,299,426,23568,12262,11306,11964,10874,298,432,23605,12289,11316,11993,10883,296,433
"합계",관악구,신원동,18620,9343,9277,9038,8809,305,468,18668,9381,9287,9071,8820,310,467,18706,9394,9312,9085,8842,309,470
"합계",관악구,서림동,24361,13348,11013,13020,10416,328,597,24394,13364,11030,13028,10424,336,606,24451,13406,11045,13076,10464,330,581
"합계",관악구,신사동,24719,12348,12371,11357,11289,991,1082,24737,12342,12395,11339,11305,1003,1090,24779,12364,12415,11363,11317,1001,1098
"합계",관악구,신림동,23877,12501,11376,12208,10873,293,503,23959,12506,11453,12207,10934,299,519,24156,12600,11556,12295,11017,305,539
"합계",관악구,난향동,15050,7374,7676,7308,7618,66,58,15023,7355,7668,7289,7612,66,56,14996,7352,7644,7286,7589,66,55
"합계",관악구,조원동,20490,10237,10253,9581,9560,656,693,20626,10295,10331,9639,9631,656,700,20769,10374,10395,9709,9696,665,699
"합계",관악구,대학동,26301,15429,10872,14597,9418,832,1454,26371,15454,10917,14622,9453,832,1464,26577,15608,10969,14771,9486,837,1483
"합계",관악구,은천동,33156,16155,17001,15983,16727,172,274,33166,16160,17006,15988,16723,172,283,33136,16142,16994,15969,16709,173,285
"합계",관악구,성현동,28830,13882,14948,13804,14836,78,112,28781,13851,14930,13773,14815,78,115,28757,13851,14906,13774,14787,77,119
"합계",관악구,청룡동,37132,17773,19359,17368,18707,405,652,37126,17758,19368,17355,18705,403,663,37209,17779,19430,17377,18778,402,652
"합계",관악구,난곡동,26679,13332,13347,13150,13090,182,257,26581,13273,13308,13092,13052,181,256,26491,13205,13286,13026,13032,179,254
"합계",관악구,삼성동,20642,10275,10367,10215,10286,60,81,20612,10255,10357,10199,10275,56,82,20543,10211,10332,10154,10250,57,82
"합계",관악구,미성동,30662,14999,15663,14733,15383,266,280,30602,14974,15628,14712,15344,262,284,30569,14960,15609,14692,15321,268,288
"합계",서초구,서초1동,20622,9966,10656,9880,10549,86,107,20562,9916,10646,9832,10539,84,107,20550,9908,10642,9826,10543,82,99
"합계",서초구,서초2동,26932,12845,14087,12590,13883,255,204,26965,12831,14134,12596,13938,235,196,27037,12848,14189,12616,13988,232,201
"합계",서초구,서초3동,32379,15384,16995,15242,16803,142,192,32448,15383,17065,15245,16861,138,204,32462,15386,17076,15244,16882,142,194
"합계",서초구,서초4동,30521,14906,15615,14779,15491,127,124,30510,14900,15610,14776,15488,124,122,30575,14943,15632,14818,15505,125,127
"합계",서초구,잠원동,26393,12712,13681,12625,13579,87,102,26391,12706,13685,12622,13583,84,102,26392,12709,13683,12619,13584,90,99
"합계",서초구,반포본동,292,144,148,132,143,12,5,287,142,145,130,140,12,5,285,141,144,129,139,12,5
"합계",서초구,반포1동,34443,16760,17683,16608,17469,152,214,34366,16732,17634,16581,17420,151,214,34466,16765,17701,16610,17490,155,211
"합계",서초구,반포2동,15742,7489,8253,7445,8197,44,56,15720,7468,8252,7423,8196,45,56,15738,7460,8278,7416,8222,44,56
"합계",서초구,반포3동,22773,10853,11920,10828,11888,25,32,23191,11068,12123,11040,12090,28,33,23659,11289,12370,11259,12338,30,32
"합계",서초구,반포4동,19486,9208,10278,8824,9966,384,312,19468,9195,10273,8811,9962,384,311,19479,9220,10259,8838,9947,382,312
"합계",서초구,방배본동,20778,9624,11154,9533,11081,91,73,20787,9618,11169,9530,11097,88,72,20757,9589,11168,9500,11094,89,74
"합계",서초구,방배1동,16883,7891,8992,7824,8902,67,90,16857,7871,8986,7806,8900,65,86,16839,7856,8983,7791,8897,65,86
"합계",서초구,방배2동,18553,8674,9879,8615,9829,59,50,18545,8680,9865,8618,9814,62,51,18513,8671,9842,8609,9792,62,50
"합계",서초구,방배3동,17321,8333,8988,8286,8935,47,53,17284,8312,8972,8265,8919,47,53,17241,8282,8959,8233,8906,49,53
"합계",서초구,방배4동,23429,10689,12740,10544,12571,145,169,23371,10666,12705,10525,12535,141,170,23380,10662,12718,10518,12543,144,175
"합계",서초구,양재1동,42683,20354,22329,20198,22140,156,189,42725,20351,22374,20191,22184,160,190,42721,20331,22390,20174,22203,157,187
"합계",서초구,양재2동,21766,10889,10877,10784,10763,105,114,21782,10921,10861,10821,10748,100,113,21730,10916,10814,10813,10700,103,114
"합계",서초구,내곡동,17455,8447,9008,8422,8977,25,31,17423,8434,8989,8409,8959,25,30,17396,8411,8985,8384,8956,27,29
"합계",강남구,신사동,15876,7385,8491,7261,8361,124,130,15833,7360,8473,7236,8339,124,134,15876,7385,8491,7261,8362,124,129
"합계",강남구,개포3동,17382,8396,8986,8369,8949,27,37,17369,8392,8977,8367,8942,25,35,17371,8403,8968,8376,8931,27,37
"합계",강남구,논현1동,22080,10356,11724,10086,11309,270,415,22086,10381,11705,10105,11294,276,411,22051,10375,11676,10102,11258,273,418
"합계",강남구,논현2동,20814,9734,11080,9592,10910,142,170,20810,9722,11088,9577,10918,145,170,20824,9726,11098,9576,10925,150,173
"합계",강남구,삼성1동,12739,6285,6454,6121,6362,164,92,12725,6273,6452,6119,6367,154,85,12698,6262,6436,6114,6350,148,86
"합계",강남구,삼성2동,31062,14940,16122,14803,16007,137,115,31077,14948,16129,14812,16013,136,116,31017,14898,16119,14769,15999,129,120
"합계",강남구,대치1동,23846,11956,11890,11934,11876,22,14,23894,11987,11907,11965,11892,22,15,23911,12002,11909,11980,11894,22,15
"합계",강남구,대치4동,19491,9239,10252,9137,10069,102,183,19387,9198,10189,9100,10010,98,179,19283,9145,10138,9047,9962,98,176
"합계",강남구,역삼1동,35556,17253,18303,16802,17683,451,620,35527,17229,18298,16779,17682,450,616,35556,17249,18307,16782,17692,467,615
"합계",강남구,역삼2동,37269,17432,19837,17276,19654,156,183,37305,17457,19848,17300,19667,157,181,37422,17521,19901,17363,19722,158,179
"합계",강남구,도곡1동,21274,10070,11204,9996,11130,74,74,21031,9968,11063,9897,10992,71,71,20975,9956,11019,9886,10953,70,66
"합계",강남구,도곡2동,32846,15248,17598,15195,17558,53,40,32839,15249,17590,15193,17549,56,41,32859,15257,17602,15202,17560,55,42
"합계",강남구,개포1동,6922,3349,3573,3339,3562,10,11,6922,3339,3583,3329,3572,10,11,6924,3342,3582,3333,3571,9,11
"합계",강남구,개포4동,23639,11389,12250,11324,12148,65,102,23611,11358,12253,11290,12154,68,99,23640,11381,12259,11309,12158,72,101
"합계",강남구,일원본동,23015,11398,11617,11386,11602,12,15,22981,11376,11605,11364,11591,12,14,22997,11381,11616,11370,11602,11,14
"합계",강남구,일원1동,14987,7262,7725,7214,7636,48,89,14981,7247,7734,7200,7639,47,95,14979,7245,7734,7202,7641,43,93
"합계",강남구,수서동,14402,6500,7902,6481,7865,19,37,14378,6483,7895,6464,7857,19,38,14332,6454,7878,6435,7839,19,39
"합계",강남구,세곡동,43382,20445,22937,20366,22842,79,95,43333,20404,22929,20325,22835,79,94,43435,20427,23008,20346,22913,81,95
"합계",강남구,압구정동,25902,11961,13941,11878,13871,83,70,25918,11992,13926,11906,13857,86,69,25874,11973,13901,11888,13832,85,69
"합계",강남구,청담동,25489,11940,13549,11815,13440,125,109,25471,11919,13552,11795,13443,124,109,25457,11909,13548,11776,13437,133,111
"합계",강남구,대치2동,37098,18750,18348,18657,18289,93,59,37060,18755,18305,18659,18245,96,60,37114,18792,18322,18693,18264,99,58
"합계",강남구,개포2동,29032,14075,14957,14040,14907,35,50,29348,14233,15115,14195,15064,38,51,30376,14727,15649,14688,15599,39,50
"합계",송파구,풍납1동,12910,6332,6578,6061,6325,271,253,12846,6308,6538,6041,6285,267,253,12834,6302,6532,6035,6276,267,256
"합계",송파구,풍납2동,24426,11571,12855,11494,12747,77,108,24382,11541,12841,11460,12732,81,109,24350,11526,12824,11443,12714,83,110
"합계",송파구,거여1동,12255,6150,6105,6128,6053,22,52,12270,6168,6102,6145,6050,23,52,12255,6153,6102,6131,6050,22,52
"합계",송파구,거여2동,23745,11589,12156,11549,12104,40,52,23738,11579,12159,11538,12107,41,52,23763,11595,12168,11555,12116,40,52
"합계",송파구,마천1동,18618,9528,9090,9480,8999,48,91,18594,9511,9083,9462,8993,49,90,18588,9507,9081,9456,8986,51,95
"합계",송파구,마천2동,18150,9280,8870,9212,8783,68,87,18118,9264,8854,9195,8765,69,89,18112,9266,8846,9197,8756,69,90
"합계",송파구,방이1동,15460,7465,7995,7423,7938,42,57,15438,7457,7981,7415,7926,42,55,15394,7432,7962,7391,7912,41,50
"합계",송파구,방이2동,26354,12077,14277,11841,13954,236,323,26372,12083,14289,11846,13969,237,320,26456,12104,14352,11871,14042,233,310
"합계",송파구,오륜동,17804,8692,9112,8680,9104,12,8,17778,8691,9087,8679,9080,12,7,17791,8687,9104,8675,9097,12,7
"합계",송파구,오금동,38037,18479,19558,18361,19439,118,119,38010,18452,19558,18333,19438,119,120,38003,18445,19558,18323,19433,122,125
"합계",송파구,송파1동,24008,11221,12787,11070,12623,151,164,23988,11203,12785,11048,12617,155,168,23937,11181,12756,11030,12596,151,160
"합계",송파구,송파2동,18947,9120,9827,9048,9758,72,69,18959,9114,9845,9042,9773,72,72,18938,9107,9831,9036,9763,71,68
"합계",송파구,석촌동,31602,14973,16629,14740,16314,233,315,31599,14999,16600,14761,16295,238,305,31632,15002,16630,14763,16332,239,298
"합계",송파구,삼전동,29912,13943,15969,13799,15727,144,242,29877,13911,15966,13767,15726,144,240,29798,13841,15957,13694,15717,147,240
"합계",송파구,가락본동,25883,12824,13059,12698,12918,126,141,25842,12813,13029,12688,12889,125,140,25860,12801,13059,12680,12918,121,141
"합계",송파구,가락1동,27521,13341,14180,13279,14108,62,72,27598,13371,14227,13306,14150,65,77,27635,13393,14242,13318,14160,75,82
"합계",송파구,가락2동,31670,15468,16202,15394,16107,74,95,31708,15487,16221,15411,16122,76,99,31699,15483,16216,15407,16121,76,95
"합계",송파구,문정1동,19916,9814,10102,9736,10007,78,95,19925,9821,10104,9745,10010,76,94,19859,9800,10059,9722,9971,78,88
"합계",송파구,문정2동,28841,13189,15652,13108,15537,81,115,28870,13193,15677,13114,15560,79,117,28926,13219,15707,13143,15592,76,115
"합계",송파구,잠실본동,28358,13502,14856,13270,14572,232,284,28366,13500,14866,13271,14584,229,282,28371,13503,14868,13275,14579,228,289
"합계",송파구,잠실4동,21223,10222,11001,10189,10968,33,33,21226,10223,11003,10191,10969,32,34,21251,10232,11019,10200,10984,32,35
"합계",송파구,잠실6동,16713,7934,8779,7840,8715,94,64,16678,7916,8762,7824,8699,92,63,16723,7946,8777,7850,8721,96,56
"합계",송파구,잠실7동,9427,4392,5035,4383,5025,9,10,9433,4382,5051,4374,5041,8,10,9457,4395,5062,4388,5054,7,8
"합계",송파구,잠실2동,34876,16655,18221,16584,18174,71,47,34874,16684,18190,16612,18145,72,45,34993,16718,18275,16646,18229,72,46
"합계",송파구,잠실3동,34143,16226,17917,16158,17851,68,66,34151,16214,17937,16147,17871,67,66,34170,16203,17967,16138,17903,65,64
"합계",송파구,장지동,29102,14013,15089,13950,14999,63,90,29082,14017,15065,13955,14972,62,93,29060,13989,15071,13931,14979,58,92
"합계",송파구,위례동,44613,21743,22870,21705,22772,38,98,44598,21731,22867,21693,22773,38,94,44698,21764,22934,21726,22843,38,91
"합계",강동구,강일동,33057,15835,17222,15783,17083,52,139,33071,15855,17216,15800,17075,55,141,33095,15854,17241,15799,17101,55,140
"합계",강동구,명일1동,25641,12480,13161,12452,13106,28,55,25624,12469,13155,12440,13097,29,58,25535,12420,13115,12391,13058,29,57
"합계",강동구,명일2동,17327,8457,8870,8435,8835,22,35,17310,8445,8865,8423,8830,22,35,17316,8433,8883,8412,8847,21,36
"합계",강동구,고덕1동,23919,12158,11761,12089,11723,69,38,23918,12168,11750,12099,11713,69,37,23960,12191,11769,12116,11731,75,38
"합계",강동구,고덕2동,22764,11491,11273,11385,11211,106,62,22806,11526,11280,11417,11214,109,66,22898,11576,11322,11472,11257,104,65
"합계",강동구,암사2동,15069,7295,7774,7269,7736,26,38,15034,7272,7762,7246,7725,26,37,15009,7248,7761,7218,7722,30,39
"합계",강동구,암사3동,17481,8543,8938,8520,8913,23,25,17499,8553,8946,8530,8921,23,25,17525,8570,8955,8549,8929,21,26
"합계",강동구,천호1동,26670,13070,13600,12985,13450,85,150,26686,13092,13594,12989,13442,103,152,26681,13109,13572,13000,13419,109,153
"합계",강동구,천호3동,26679,12926,13753,12682,13528,244,225,26706,12927,13779,12689,13554,238,225,26739,12930,13809,12693,13583,237,226
"합계",강동구,성내1동,19900,9556,10344,9502,10259,54,85,19819,9515,10304,9455,10221,60,83,19799,9512,10287,9451,10203,61,84
"합계",강동구,성내2동,23528,11564,11964,11296,11684,268,280,23537,11570,11967,11303,11687,267,280,23455,11530,11925,11267,11645,263,280
"합계",강동구,성내3동,23071,11256,11815,11127,11638,129,177,23078,11267,11811,11143,11630,124,181,23100,11290,11810,11160,11633,130,177
"합계",강동구,둔촌1동,73,39,34,35,29,4,5,73,39,34,35,29,4,5,73,39,34,35,29,4,5
"합계",강동구,둔촌2동,24277,11921,12356,11876,12295,45,61,24270,11921,12349,11873,12287,48,62,24251,11907,12344,11860,12282,47,62
"합계",강동구,암사1동,34271,16930,17341,16819,17170,111,171,34286,16948,17338,16834,17165,114,173,34329,16954,17375,16845,17201,109,174
"합계",강동구,천호2동,33825,16520,17305,16240,16962,280,343,33872,16546,17326,16266,16985,280,341,33857,16519,17338,16238,16999,281,339
"합계",강동구,길동,45374,22087,23287,21960,23072,127,215,45299,22054,23245,21922,23033,132,212,45284,22064,23220,21930,23017,134,203
"합계",강동구,상일1동,39178,19276,19902,19212,19824,64,78,39308,19332,19976,19266,19894,66,82,39397,19348,20049,19281,19966,67,83
"합계",강동구,상일2동,11933,5571,6362,5554,6328,17,34,11963,5571,6392,5551,6358,20,34,11997,5583,6414,5563,6378,20,36
